Score,Livello,Titolo,Comune,Provincia,Regione,Superficie_mq,Prezzo_Euro,Prezzo_al_mq,Contratto,Categoria,Potenza_Pensilina_kWp,Produzione_Solare_Annua_kWh,Resa_PVGIS_kWh_kWp,Irraggiamento_kWh_m2,Accessibilita,Caratteristiche,Note_Valutazione,Indirizzo,Latitudine,Longitudine,Fonte_Geo,Inserzionista,Data_Annuncio,URL_Annuncio
91.0,TOP,Capannone Industriale - Comiso,Comiso,Ragusa,Sicilia,700.0,4000.0,5.7,Affitto,Uffici e Locali commerciali,43.1,68184.0,1582.0,2023.8,"visibilità, strada statale, ss, manovra","piazzale, zona industriale","Superficie ottimale (700 mq, ideale per hub 6-12 stalli e pensiline FV 70-150 kWp) | Ottima accessibilità riscontrata: visibilità, strada statale, ss, manovra | Irraggiamento solare eccellente (1582 kWh/kWp/anno) | Caratteristiche rilevate: piazzale, zona industriale | Canone elevato (5.71 €/mq/mese)",,36.9437915,14.6092114,portal_map,RE MAX Platinum 6,2026-10-01 01:32:47,https://www.subito.it/uffici-locali-commerciali/capannone-industriale-comiso-ragusa-643177106.htm
90.0,TOP,TERRENO A POLLENA TROCCHIA,Pollena Trocchia,Napoli,Campania,1050.0,1000.0,1.0,Affitto,Terreni e rustici,64.6,93024.0,1440.0,1840.0,"fronte strada, ss","piazzale, cancello","Superficie ottimale (1050 mq, ideale per hub 6-12 stalli e pensiline FV 70-150 kWp) | Ottima accessibilità riscontrata: fronte strada, ss | Ottimo rendimento solare (1440 kWh/kWp/anno) | Caratteristiche rilevate: piazzale, cancello | Canone di locazione vantaggioso (0.95 €/mq/mese)",,40.8530509,14.3767709,portal_map,TECNOIMPRESASANGIORGIO srl,2026-08-28 02:32:52,https://www.subito.it/terreni-e-rustici/terreno-a-pollena-trocchia-napoli-658573712.htm
88.0,TOP,TERRENO CITTA' SANT'ANGELO,Citta' Sant'Angelo,Pescara,Abruzzo,2050.0,1000.0,0.5,Affitto,Terreni e rustici,126.2,183470.0,1453.8,1864.7,"autostrada, ss",piazzale,"Superficie ottimale (2050 mq, ideale per hub 6-12 stalli e pensiline FV 70-150 kWp) | Ottima accessibilità riscontrata: autostrada, ss | Irraggiamento solare eccellente (1454 kWh/kWp/anno) | Caratteristiche rilevate: piazzale | Canone di locazione vantaggioso (0.49 €/mq/mese)",,42.53553,14.09792,portal_map,Massimo PINCIOTTI,2026-09-26 11:49:43,https://www.subito.it/terreni-e-rustici/terreno-citta-sant-angelo-pescara-588501325.htm
86.0,TOP,Terreno panoramico Via dei Gemelli Alcamo Marina,Alcamo,Trapani,Sicilia,2250.0,75000.0,33.3,Vendita,Terreni e rustici,138.5,211905.0,1530.0,1960.0,"visibilità, ss",piazzale,"Superficie ottimale (2250 mq, ideale per hub 6-12 stalli e pensiline FV 70-150 kWp) | Ottima accessibilità riscontrata: visibilità, ss | Irraggiamento solare eccellente (1530 kWh/kWp/anno) | Caratteristiche rilevate: piazzale | Prezzo molto competitivo (33.3 €/mq)","Via dei Gemelli, 91011 Alcamo TP, Italia",38.019631232913994,12.921207743881613,portal_map,Terranova,2026-09-29 23:37:05,https://www.subito.it/terreni-e-rustici/terreno-panoramico-via-dei-gemelli-alcamo-marina-trapani-662679509.htm
86.0,TOP,Immobile in asta di 860 m² a Castelnuovo Magra,Castelnuovo Magra,La Spezia,Liguria,860.0,26240.0,30.5,Vendita,Terreni e rustici,52.9,66654.0,1260.0,1610.0,"autostrada, ss","piazzale, recintato, urbanizzato, cancello","Superficie ottimale (860 mq, ideale per hub 6-12 stalli e pensiline FV 70-150 kWp) | Ottima accessibilità riscontrata: autostrada, ss | Buon rendimento solare (1260 kWh/kWp/anno) | Caratteristiche rilevate: piazzale, recintato, urbanizzato | Prezzo molto competitivo (30.5 €/mq)",,44.0811,10.0108,portal_map,Aste Florio,2026-09-28 18:01:58,https://www.subito.it/terreni-e-rustici/immobile-in-asta-di-860-m²-a-castelnuovo-magra-la-spezia-662494289.htm
85.0,TOP,Terreno - Catania,Catania,Catania,Sicilia,1582.0,160000.0,101.1,Vendita,Terreni e rustici,97.4,149022.0,1530.0,1960.0,"tangenziale, autostrada, ss",,"Superficie ottimale (1582 mq, ideale per hub 6-12 stalli e pensiline FV 70-150 kWp) | Ottima accessibilità riscontrata: tangenziale, autostrada, ss | Irraggiamento solare eccellente (1530 kWh/kWp/anno) | Stato del lotto da verificare (pavimentazione/recinzione) | Prezzo congruo di mercato (101.1 €/mq)",,37.5158009,15.0619584,portal_map,RE MAX Platinum,2026-10-01 12:31:46,https://www.subito.it/terreni-e-rustici/terreno-catania-catania-652155308.htm
84.0,TOP,CC4 - Bettolle capannone artigianale oltre,Sinalunga,Siena,Toscana,4000.0,675000.0,168.8,Vendita,Uffici e Locali commerciali,246.2,327446.0,1330.0,1700.0,"autostrada, ss, manovra, snodo","piazzale, zona artigianale","Grande area (4000 mq, adatta per hub di ricarica ad alta intensità) | Ottima accessibilità riscontrata: autostrada, ss, manovra, snodo | Buon rendimento solare (1330 kWh/kWp/anno) | Caratteristiche rilevate: piazzale, zona artigianale | Prezzo sopra la media (168.8 €/mq)",,43.2084629,11.8025,portal_map,Immobiliare Rappuoli srl,2026-10-01 01:45:30,https://www.subito.it/uffici-locali-commerciali/cc4-bettolle-capannone-artigianale-oltre-siena-654380267.htm
84.0,TOP,V/1399 Terreno in zona centrale,Casteldaccia,Palermo,Sicilia,2000.0,17000.0,8.5,Vendita,Terreni e rustici,123.1,188343.0,1530.0,1960.0,ss,"piazzale, energia elettrica","Superficie ottimale (2000 mq, ideale per hub 6-12 stalli e pensiline FV 70-150 kWp) | Ottima accessibilità riscontrata: ss | Irraggiamento solare eccellente (1530 kWh/kWp/anno) | Caratteristiche rilevate: piazzale, energia elettrica | Prezzo molto competitivo (8.5 €/mq)","Contrada Cavallarello, 90014 Casteldaccia PA, Italia",38.0527809,13.5379516,portal_map,Casa IN Immobiliare di Michele Carollo,2026-09-28 18:29:52,https://www.subito.it/terreni-e-rustici/v-1399-terreno-in-zona-centrale-palermo-662509669.htm
84.0,TOP,Immobile in asta di 1313 m² a Soliera,Soliera,Modena,Emilia-Romagna,1313.0,82990.0,63.2,Vendita,Terreni e rustici,80.8,101808.0,1260.0,1610.0,"fronte strada, ss","piazzale, cancello","Superficie ottimale (1313 mq, ideale per hub 6-12 stalli e pensiline FV 70-150 kWp) | Ottima accessibilità riscontrata: fronte strada, ss | Buon rendimento solare (1260 kWh/kWp/anno) | Caratteristiche rilevate: piazzale, cancello | Prezzo congruo di mercato (63.2 €/mq)",,44.7285,10.917,portal_map,Aste Florio,2026-09-28 10:43:45,https://www.subito.it/terreni-e-rustici/immobile-in-asta-di-1313-m²-a-soliera-modena-662425691.htm
84.0,TOP,Terreno - Montesilvano (Centro) - 1 000 €/mese,Montesilvano,Pescara,Abruzzo,1000.0,1000.0,1.0,Affitto,Terreni e rustici,61.5,82410.0,1340.0,1710.0,fronte strada,"piazzale, recintato","Superficie ottimale (1000 mq, ideale per hub 6-12 stalli e pensiline FV 70-150 kWp) | Ottima accessibilità riscontrata: fronte strada | Buon rendimento solare (1340 kWh/kWp/anno) | Caratteristiche rilevate: piazzale, recintato | Canone di locazione vantaggioso (1.00 €/mq/mese)",,42.51497,14.1518,portal_map,Massimo PINCIOTTI,2026-09-25 12:25:32,https://www.subito.it/terreni-e-rustici/terreno-montesilvano-centro-1-000-mese-pescara-641697840.htm
84.0,TOP,Piazzale 800 mq uscita caserta nord fronte strada,Aversa,Caserta,Campania,800.0,1200.0,1.5,Affitto,Terreni e rustici,49.2,70848.0,1440.0,1840.0,"fronte strada, ss",piazzale,"Superficie ottimale (800 mq, ideale per hub 6-12 stalli e pensiline FV 70-150 kWp) | Ottima accessibilità riscontrata: fronte strada, ss | Ottimo rendimento solare (1440 kWh/kWp/anno) | Caratteristiche rilevate: piazzale | Canone di mercato (1.50 €/mq/mese)",,40.973212,14.204928,offline_istat,la nuova immobiliare,2026-09-16 11:34:25,https://www.subito.it/terreni-e-rustici/piazzale-800-mq-uscita-caserta-nord-fronte-strada-caserta-660928996.htm
84.0,TOP,Terreno di 2000mq Deposito/Parcheggio/Mezzi Lavoro,Siano,Salerno,Campania,2000.0,,,Affitto,Terreni e rustici,123.1,177264.0,1440.0,1840.0,"fronte strada, ss, manovra","recintato, cancello","Superficie ottimale (2000 mq, ideale per hub 6-12 stalli e pensiline FV 70-150 kWp) | Ottima accessibilità riscontrata: fronte strada, ss, manovra | Ottimo rendimento solare (1440 kWh/kWp/anno) | Caratteristiche rilevate: recintato, cancello | Prezzo/canone riservato o non specificato",,40.8040262,14.6884317,offline_istat,,2026-09-02 20:26:33,https://www.subito.it/terreni-e-rustici/terreno-di-2000mq-deposito-parcheggio-mezzi-lavoro-salerno-659299524.htm
84.0,TOP,Terreno di 2400 m² a Trezzo sull'Adda,Trezzo sull'Adda,Milano,Lombardia,2400.0,38000.0,15.8,Vendita,Terreni e rustici,147.7,175763.0,1190.0,1520.0,"tangenziale, autostrada, ss",recintato,"Superficie ottimale (2400 mq, ideale per hub 6-12 stalli e pensiline FV 70-150 kWp) | Ottima accessibilità riscontrata: tangenziale, autostrada, ss | Rendimento solare moderato Nord Italia (1190 kWh/kWp/anno) | Caratteristiche rilevate: recintato | Prezzo molto competitivo (15.8 €/mq)",,45.6095,9.51446,portal_map,REMAX Expo,2026-10-01 10:42:25,https://www.subito.it/terreni-e-rustici/terreno-di-2400-m²-a-trezzo-sull-adda-milano-662844911.htm
83.0,TOP,Locale Commerciale - Ragusa,Ragusa,Ragusa,Sicilia,880.0,1900.0,2.2,Affitto,Uffici e Locali commerciali,54.2,86574.0,1597.3,2049.6,"visibilità, ss",piazzale,"Superficie ottimale (880 mq, ideale per hub 6-12 stalli e pensiline FV 70-150 kWp) | Ottima accessibilità riscontrata: visibilità, ss | Irraggiamento solare eccellente (1597 kWh/kWp/anno) | Caratteristiche rilevate: piazzale | Canone di mercato (2.16 €/mq/mese)",,36.9238135,14.715081,portal_map,REMAX Platinum - Ragusa Via U. La Malfa,2026-10-01 00:41:56,https://www.subito.it/uffici-locali-commerciali/locale-commerciale-ragusa-ragusa-662814680.htm
83.0,TOP,Pagani (Sa) via Albanese terreno 8000mq,Pagani,Salerno,Campania,8000.0,,,Vendita,Terreni e rustici,492.3,708912.0,1440.0,1840.0,"visibilità, casello, autostrada, ss",piazzale,"Grande area (8000 mq, adatta per hub di ricarica ad alta intensità) | Ottima accessibilità riscontrata: visibilità, casello, autostrada, ss | Ottimo rendimento solare (1440 kWh/kWp/anno) | Caratteristiche rilevate: piazzale | Prezzo/canone riservato o non specificato",,40.7498877,14.6133234,offline_istat,,2026-09-30 19:48:42,https://www.subito.it/terreni-e-rustici/pagani-sa-via-albanese-terreno-8000mq-salerno-662789321.htm
83.0,TOP,Immobile in asta di 3513 m² a Loreto,Loreto,Ancona,Marche,3513.0,79040.0,22.5,Vendita,Terreni e rustici,216.2,289708.0,1340.0,1710.0,"autostrada, ss, manovra",piazzale,"Grande area (3513 mq, adatta per hub di ricarica ad alta intensità) | Ottima accessibilità riscontrata: autostrada, ss, manovra | Buon rendimento solare (1340 kWh/kWp/anno) | Caratteristiche rilevate: piazzale | Prezzo molto competitivo (22.5 €/mq)",,43.4326,13.5903,portal_map,Aste Florio,2026-09-28 18:27:24,https://www.subito.it/terreni-e-rustici/immobile-in-asta-di-3513-m²-a-loreto-ancona-662501941.htm
83.0,TOP,Terreno di 2000 m² a Napoli,Napoli,Napoli,Campania,2000.0,2000.0,1.0,Affitto,Terreni e rustici,123.1,177264.0,1440.0,1840.0,"visibilità, ss",piazzale,"Superficie ottimale (2000 mq, ideale per hub 6-12 stalli e pensiline FV 70-150 kWp) | Ottima accessibilità riscontrata: visibilità, ss | Ottimo rendimento solare (1440 kWh/kWp/anno) | Caratteristiche rilevate: piazzale | Canone di locazione vantaggioso (1.00 €/mq/mese)",,40.865,14.3262,portal_map,Sogeim,2026-09-12 11:09:50,https://www.subito.it/terreni-e-rustici/terreno-di-2000-m²-a-napoli-napoli-660430244.htm
82.0,TOP,CAPANNONE A SORA,Sora,Frosinone,Lazio,500.0,2400.0,4.8,Affitto,Uffici e Locali commerciali,30.8,41272.0,1340.0,1710.0,"fronte strada, visibilità, ss","piazzale, recintato","Hub cittadino/commerciale (500 mq, ottimo per 4-6 stalli e pensilina 30-70 kWp) | Ottima accessibilità riscontrata: fronte strada, visibilità, ss | Buon rendimento solare (1340 kWh/kWp/anno) | Caratteristiche rilevate: piazzale, recintato | Canone elevato (4.80 €/mq/mese)",,41.7051601346,13.5971602376,portal_map,EURO IMMOBILIARE srl,2026-09-30 02:50:29,https://www.subito.it/uffici-locali-commerciali/capannone-a-sora-frosinone-662685401.htm
82.0,TOP,Immobile in asta di 4171 m² a Mori,Mori,Trento,Trentino-Alto Adige,4171.0,745190.0,178.7,Vendita,Uffici e Locali commerciali,256.7,353219.0,1376.0,1733.2,"strada statale, ss, manovra","piazzale, asfaltato","Grande area (4171 mq, adatta per hub di ricarica ad alta intensità) | Ottima accessibilità riscontrata: strada statale, ss, manovra | Ottimo rendimento solare (1376 kWh/kWp/anno) | Caratteristiche rilevate: piazzale, asfaltato | Prezzo sopra la media (178.7 €/mq)",,45.8537,10.9829,portal_map,Aste Florio,2026-10-01 10:42:15,https://www.subito.it/uffici-locali-commerciali/immobile-in-asta-di-4171-m²-a-mori-trento-662844576.htm
82.0,TOP,Capannone Industriale Cassino,Cassino,Frosinone,Lazio,7200.0,3500.0,0.5,Affitto,Uffici e Locali commerciali,443.1,641875.0,1448.6,1871.2,"ss, manovra","piazzale, recintato, cabina","Grande area (7200 mq, adatta per hub di ricarica ad alta intensità) | Ottima accessibilità riscontrata: ss, manovra | Ottimo rendimento solare (1449 kWh/kWp/anno) | Presenza di infrastruttura elettrica/cabina citata nell'annuncio | Canone di locazione vantaggioso (0.49 €/mq/mese)",,41.5246322,13.842413,portal_map,Cassino,2026-09-30 20:48:54,https://www.subito.it/uffici-locali-commerciali/capannone-industriale-cassino-frosinone-662797289.htm
81.0,TOP,Locale Commerciale - Acate,Acate,Ragusa,Sicilia,8000.0,3000.0,0.4,Affitto,Uffici e Locali commerciali,492.3,826079.0,1678.0,2126.5,ss,"piazzale, recintato","Grande area (8000 mq, adatta per hub di ricarica ad alta intensità) | Ottima accessibilità riscontrata: ss | Irraggiamento solare eccellente (1678 kWh/kWp/anno) | Caratteristiche rilevate: piazzale, recintato | Canone di locazione vantaggioso (0.38 €/mq/mese)",,36.9856493,14.3765531,portal_map,RE MAX Platinum 6,2026-10-01 01:32:47,https://www.subito.it/uffici-locali-commerciali/locale-commerciale-acate-ragusa-642813505.htm
81.0,TOP,Immobile in asta di 1166 m² a Margherita di Savoia,Margherita di Savoia,Barletta-Andria-Trani,Puglia,1166.0,39630.0,34.0,Vendita,Terreni e rustici,71.8,103392.0,1440.0,1840.0,ss,"piazzale, asfaltato, recintato, energia elettrica","Superficie ottimale (1166 mq, ideale per hub 6-12 stalli e pensiline FV 70-150 kWp) | Ottima accessibilità riscontrata: ss | Ottimo rendimento solare (1440 kWh/kWp/anno) | Caratteristiche rilevate: piazzale, asfaltato, recintato | Prezzo molto competitivo (34.0 €/mq)",,41.3642,16.1562,portal_map,Aste Florio,2026-09-28 18:03:55,https://www.subito.it/terreni-e-rustici/immobile-in-asta-di-1166-m²-a-margherita-di-savoia-barletta-andria-trani-662497642.htm
80.0,TOP,CAPANNONE A ROVATO,Rovato,Brescia,Lombardia,1250.0,6500.0,5.2,Affitto,Uffici e Locali commerciali,76.9,104461.0,1358.4,1754.4,"casello, ss","piazzale, zona industriale, cancello","Superficie ottimale (1250 mq, ideale per hub 6-12 stalli e pensiline FV 70-150 kWp) | Ottima accessibilità riscontrata: casello, ss | Ottimo rendimento solare (1358 kWh/kWp/anno) | Caratteristiche rilevate: piazzale, zona industriale, cancello | Canone elevato (5.20 €/mq/mese)",,45.5669098,10.0050059,portal_map,INDUSTRIALE BS OVEST srl,2026-10-01 02:39:17,https://www.subito.it/uffici-locali-commerciali/capannone-a-rovato-brescia-662819710.htm
80.0,TOP,Fondo artigianale,Agliana,Pistoia,Toscana,250.0,,,Affitto,Uffici e Locali commerciali,15.4,19404.0,1260.0,1610.0,"fronte strada, visibilità","piazzale, recintato, cancello","Hub cittadino/commerciale (250 mq, ottimo per 4-6 stalli e pensilina 30-70 kWp) | Ottima accessibilità riscontrata: fronte strada, visibilità | Buon rendimento solare (1260 kWh/kWp/anno) | Caratteristiche rilevate: piazzale, recintato, cancello | Prezzo/canone riservato o non specificato",,43.9038155,11.0033961,offline_istat,,2026-09-30 17:28:07,https://www.subito.it/uffici-locali-commerciali/fondo-artigianale-pistoia-659023887.htm
80.0,TOP,Magazzino /Deposito 70 mq a due passi da Rho Fiera,Pero,Milano,Lombardia,1000.0,,,Affitto,Uffici e Locali commerciali,61.5,73185.0,1190.0,1520.0,"tangenziale, autostrada, ss",piazzale,"Superficie ottimale (1000 mq, ideale per hub 6-12 stalli e pensiline FV 70-150 kWp) | Ottima accessibilità riscontrata: tangenziale, autostrada, ss | Rendimento solare moderato Nord Italia (1190 kWh/kWp/anno) | Caratteristiche rilevate: piazzale | Prezzo/canone riservato o non specificato","Via Raffaello Sanzio, 20016 Pero MI, Italia",45.5037863,9.0785823,portal_map,mps group,2026-09-30 10:01:02,https://www.subito.it/uffici-locali-commerciali/magazzino-deposito-70-mq-a-due-passi-da-rho-fiera-milano-662704029.htm
80.0,TOP,TERRENO PER PARCHEGGIO/PIAZZALE AUTO,Cappelle sul Tavo,Pescara,Abruzzo,1792.0,23000.0,12.8,Vendita,Terreni e rustici,110.3,160354.0,1453.8,1864.7,,"piazzale, recintato","Superficie ottimale (1792 mq, ideale per hub 6-12 stalli e pensiline FV 70-150 kWp) | Accessibilità viaria standard da verificare da mappa | Irraggiamento solare eccellente (1454 kWh/kWp/anno) | Caratteristiche rilevate: piazzale, recintato | Prezzo molto competitivo (12.8 €/mq)",,42.4669,14.09053,portal_map,Massimo PINCIOTTI,2026-10-01 12:47:42,https://www.subito.it/terreni-e-rustici/terreno-per-parcheggio-piazzale-auto-pescara-588149187.htm
80.0,TOP,Terreno Industriale - Motta Sant'Anastasia,Motta Sant'Anastasia,Catania,Sicilia,20000.0,,,Vendita,Terreni e rustici,500.0,765000.0,1530.0,1960.0,"tangenziale, autostrada, ss",zona industriale,"Superficie molto estesa (20000 mq, richiede frazionamento/sviluppo ampio) | Ottima accessibilità riscontrata: tangenziale, autostrada, ss | Irraggiamento solare eccellente (1530 kWh/kWp/anno) | Caratteristiche rilevate: zona industriale | Prezzo/canone riservato o non specificato",,37.5198239,14.9952127,portal_map,REMAX Platinum - Catania Via Cesare Beccaria,2026-09-27 18:38:26,https://www.subito.it/terreni-e-rustici/terreno-industriale-motta-sant-anastasia-catania-659565746.htm
80.0,TOP,Terreno - Giarre,Giarre,Catania,Sicilia,2122.0,43000.0,20.3,Vendita,Terreni e rustici,130.6,199818.0,1530.0,1960.0,"autostrada, ss",,"Superficie ottimale (2122 mq, ideale per hub 6-12 stalli e pensiline FV 70-150 kWp) | Ottima accessibilità riscontrata: autostrada, ss | Irraggiamento solare eccellente (1530 kWh/kWp/anno) | Stato del lotto da verificare (pavimentazione/recinzione) | Prezzo molto competitivo (20.3 €/mq)",,37.7146759,15.1597016,portal_map,RE MAX Platinum,2026-10-01 14:30:14,https://www.subito.it/terreni-e-rustici/terreno-giarre-catania-655982902.htm
80.0,TOP,Piazzale / parcheggio caserta nord fronte strada,Caserta,Caserta,Campania,800.0,1200.0,1.5,Affitto,Terreni e rustici,49.2,70848.0,1440.0,1840.0,fronte strada,piazzale,"Superficie ottimale (800 mq, ideale per hub 6-12 stalli e pensiline FV 70-150 kWp) | Ottima accessibilità riscontrata: fronte strada | Ottimo rendimento solare (1440 kWh/kWp/anno) | Caratteristiche rilevate: piazzale | Canone di mercato (1.50 €/mq/mese)",,41.0820827,14.334708,offline_istat,la nuova immobiliare,2026-09-29 00:03:54,https://www.subito.it/terreni-e-rustici/piazzale-parcheggio-caserta-nord-fronte-strada-caserta-662543422.htm
80.0,TOP,Piazzale indipendente uscita caserta nord,Casagiove,Caserta,Campania,800.0,1200.0,1.5,Affitto,Terreni e rustici,49.2,70848.0,1440.0,1840.0,fronte strada,piazzale,"Superficie ottimale (800 mq, ideale per hub 6-12 stalli e pensiline FV 70-150 kWp) | Ottima accessibilità riscontrata: fronte strada | Ottimo rendimento solare (1440 kWh/kWp/anno) | Caratteristiche rilevate: piazzale | Canone di mercato (1.50 €/mq/mese)",,41.074715,14.307729,offline_istat,la nuova immobiliare,2026-09-16 13:04:09,https://www.subito.it/terreni-e-rustici/piazzale-indipendente-uscita-caserta-nord-caserta-660942199.htm
80.0,TOP,Piazzale parcheggio uscita caserta nord 800 mq,Caserta,Caserta,Campania,800.0,1200.0,1.5,Affitto,Terreni e rustici,49.2,70848.0,1440.0,1840.0,fronte strada,piazzale,"Superficie ottimale (800 mq, ideale per hub 6-12 stalli e pensiline FV 70-150 kWp) | Ottima accessibilità riscontrata: fronte strada | Ottimo rendimento solare (1440 kWh/kWp/anno) | Caratteristiche rilevate: piazzale | Canone di mercato (1.50 €/mq/mese)","Caserta CE, Italia",41.0720635,14.3312991,portal_map,la nuova immobiliare,2026-09-07 17:13:25,https://www.subito.it/terreni-e-rustici/piazzale-parcheggio-uscita-caserta-nord-800-mq-caserta-659839027.htm
80.0,TOP,campo calabro(RC) 14.000 mq Frazionabile o intero,Campo Calabro,Reggio Calabria,Calabria,14200.0,,,Affitto,Terreni e rustici,500.0,765000.0,1530.0,1960.0,"autostrada, ss, rotatoria, manovra",zona industriale,"Superficie molto estesa (14200 mq, richiede frazionamento/sviluppo ampio) | Ottima accessibilità riscontrata: autostrada, ss, rotatoria, manovra | Irraggiamento solare eccellente (1530 kWh/kWp/anno) | Caratteristiche rilevate: zona industriale | Prezzo/canone riservato o non specificato",,38.216069,15.659192,offline_istat,,2026-09-18 13:02:25,https://www.subito.it/terreni-e-rustici/campo-calabro-rc-14-000-mq-frazionabile-o-intero-reggio-calabria-661196087.htm
79.0,TOP,TERRENO A VENAFRO,Venafro,Isernia,Molise,200.0,600.0,3.0,Affitto,Terreni e rustici,12.3,17712.0,1440.0,1840.0,"fronte strada, visibilità, ss","piazzale, recintato","Micro-hub compatto (200 mq, ideale per 2-4 stalli fast e pensilina 15-30 kWp) | Ottima accessibilità riscontrata: fronte strada, visibilità, ss | Ottimo rendimento solare (1440 kWh/kWp/anno) | Caratteristiche rilevate: piazzale, recintato | Canone elevato (3.00 €/mq/mese)",,41.481791,14.0425723,portal_map,STUDIO VENAFRO srlu,2026-09-11 02:47:04,https://www.subito.it/terreni-e-rustici/terreno-a-venafro-isernia-660286894.htm
79.0,TOP,TERRENO A MONTICHIARI,Montichiari,Brescia,Lombardia,5000.0,3000.0,0.6,Affitto,Terreni e rustici,307.7,366163.0,1190.0,1520.0,"autostrada, ss","piazzale, cancello","Grande area (5000 mq, adatta per hub di ricarica ad alta intensità) | Ottima accessibilità riscontrata: autostrada, ss | Rendimento solare moderato Nord Italia (1190 kWh/kWp/anno) | Caratteristiche rilevate: piazzale, cancello | Canone di locazione vantaggioso (0.60 €/mq/mese)",,45.4292815,10.3594281,portal_map,LA COMMERCIALE REAL ESTATE srl,2026-09-08 02:40:32,https://www.subito.it/terreni-e-rustici/terreno-a-montichiari-brescia-659886995.htm
79.0,TOP,TERRENO A CITTADELLA,Cittadella,Padova,Veneto,2200.0,1500.0,0.7,Affitto,Terreni e rustici,135.4,161126.0,1190.0,1520.0,"ss, manovra","piazzale, recintato, zona industriale, cancello","Superficie ottimale (2200 mq, ideale per hub 6-12 stalli e pensiline FV 70-150 kWp) | Ottima accessibilità riscontrata: ss, manovra | Rendimento solare moderato Nord Italia (1190 kWh/kWp/anno) | Caratteristiche rilevate: piazzale, recintato, zona industriale | Canone di locazione vantaggioso (0.68 €/mq/mese)",,45.6426113305,11.8064716388,portal_map,STUDIO INDUSTRIALE PADOVA NORD srl,2026-09-03 02:53:10,https://www.subito.it/terreni-e-rustici/terreno-a-cittadella-padova-659320006.htm
79.0,TOP,Officina Meccanica,Bruino,Torino,Piemonte,400.0,800.0,2.0,Affitto,Uffici e Locali commerciali,24.6,29274.0,1190.0,1520.0,"visibilità, ss, manovra","piazzale, recintato","Hub cittadino/commerciale (400 mq, ottimo per 4-6 stalli e pensilina 30-70 kWp) | Ottima accessibilità riscontrata: visibilità, ss, manovra | Rendimento solare moderato Nord Italia (1190 kWh/kWp/anno) | Caratteristiche rilevate: piazzale, recintato | Canone di mercato (2.00 €/mq/mese)","Via Torino, 1, 10090 Bruino TO, Italia",45.0217852,7.462678299999999,portal_map,sergio,2026-09-30 15:53:05,https://www.subito.it/uffici-locali-commerciali/officina-meccanica-torino-661066824.htm
79.0,TOP,Capannone di mq 1500 con piazzale,Ceccano,Frosinone,Lazio,3000.0,,,Affitto,Uffici e Locali commerciali,184.6,262501.0,1422.0,1848.2,"casello, autostrada",piazzale,"Grande area (3000 mq, adatta per hub di ricarica ad alta intensità) | Ottima accessibilità riscontrata: casello, autostrada | Ottimo rendimento solare (1422 kWh/kWp/anno) | Caratteristiche rilevate: piazzale | Prezzo/canone riservato o non specificato","03023 Ceccano FR, Italia",41.605293770468805,13.300599756640231,portal_map,puntocasa immobiliare,2026-10-01 01:45:18,https://www.subito.it/uffici-locali-commerciali/capannone-di-mq-1500-con-piazzale-frosinone-644183082.htm
78.0,TOP,CAPANNONE A PIATEDA,Piateda,Sondrio,Lombardia,1250.0,3200.0,2.6,Affitto,Uffici e Locali commerciali,76.9,90742.0,1180.0,1500.0,"fronte strada, visibilità, ss",piazzale,"Superficie ottimale (1250 mq, ideale per hub 6-12 stalli e pensiline FV 70-150 kWp) | Ottima accessibilità riscontrata: fronte strada, visibilità, ss | Rendimento solare moderato Nord Italia (1180 kWh/kWp/anno) | Caratteristiche rilevate: piazzale | Canone elevato (2.56 €/mq/mese)",,46.1612548,9.9569248,portal_map,INDUSTRIALE VALTELLINA srl,2026-10-01 02:39:40,https://www.subito.it/uffici-locali-commerciali/capannone-a-piateda-sondrio-662820453.htm
78.0,TOP,Locale Commerciale - Acate,Acate,Ragusa,Sicilia,8000.0,11000.0,1.4,Affitto,Uffici e Locali commerciali,492.3,826079.0,1678.0,2126.5,ss,"piazzale, recintato","Grande area (8000 mq, adatta per hub di ricarica ad alta intensità) | Ottima accessibilità riscontrata: ss | Irraggiamento solare eccellente (1678 kWh/kWp/anno) | Caratteristiche rilevate: piazzale, recintato | Canone di mercato (1.38 €/mq/mese)",,36.9856493,14.3765531,portal_map,RE MAX Platinum 6,2026-10-01 01:32:46,https://www.subito.it/uffici-locali-commerciali/locale-commerciale-acate-ragusa-642556765.htm
78.0,TOP,Capannone Industriale(400 mq) ingressoindipendente,Settimo San Pietro,Cagliari,Sardegna,1550.0,,,Affitto,Uffici e Locali commerciali,95.4,137376.0,1440.0,1840.0,"ss, manovra","piazzale, zona industriale","Superficie ottimale (1550 mq, ideale per hub 6-12 stalli e pensiline FV 70-150 kWp) | Ottima accessibilità riscontrata: ss, manovra | Ottimo rendimento solare (1440 kWh/kWp/anno) | Caratteristiche rilevate: piazzale, zona industriale | Prezzo/canone riservato o non specificato",,39.29174,9.185145,offline_istat,,2026-09-29 22:13:29,https://www.subito.it/uffici-locali-commerciali/capannone-industriale-400-mq-ingressoindipendente-cagliari-662673564.htm
78.0,TOP,Immobile in asta di 466 m² a Selargius,Selargius,Cagliari,Sardegna,466.0,13790.0,29.6,Vendita,Terreni e rustici,28.7,41328.0,1440.0,1840.0,ss,"piazzale, recintato","Hub cittadino/commerciale (466 mq, ottimo per 4-6 stalli e pensilina 30-70 kWp) | Ottima accessibilità riscontrata: ss | Ottimo rendimento solare (1440 kWh/kWp/anno) | Caratteristiche rilevate: piazzale, recintato | Prezzo molto competitivo (29.6 €/mq)",,39.2591,9.10231,portal_map,Aste Florio,2026-09-28 16:49:36,https://www.subito.it/terreni-e-rustici/immobile-in-asta-di-466-m²-a-selargius-cagliari-662487207.htm
78.0,TOP,Immobile in asta di 1255 m² a Cesena,Cesena,Forlì-Cesena,Emilia-Romagna,1255.0,43758.0,34.9,Vendita,Terreni e rustici,77.2,97272.0,1260.0,1610.0,ss,"piazzale, asfaltato","Superficie ottimale (1255 mq, ideale per hub 6-12 stalli e pensiline FV 70-150 kWp) | Ottima accessibilità riscontrata: ss | Buon rendimento solare (1260 kWh/kWp/anno) | Caratteristiche rilevate: piazzale, asfaltato | Prezzo molto competitivo (34.9 €/mq)",,44.1618,12.3346,portal_map,Case all'Asta - Acquista senza Rischi,2026-09-26 12:14:36,https://www.subito.it/terreni-e-rustici/immobile-in-asta-di-1255-m²-a-cesena-forli-cesena-662217535.htm
78.0,TOP,Piazzale recintato mq 400 con locale mq. 200,Manduria,Taranto,Puglia,400.0,,,Affitto,Terreni e rustici,24.6,35424.0,1440.0,1840.0,"strada statale, ss","piazzale, recintato, cancello","Hub cittadino/commerciale (400 mq, ottimo per 4-6 stalli e pensilina 30-70 kWp) | Ottima accessibilità riscontrata: strada statale, ss | Ottimo rendimento solare (1440 kWh/kWp/anno) | Caratteristiche rilevate: piazzale, recintato, cancello | Prezzo/canone riservato o non specificato",,40.401825,17.633511,offline_istat,agenzia mt immobiliare,2026-09-29 10:53:29,https://www.subito.it/terreni-e-rustici/piazzale-recintato-mq-400-con-locale-mq-200-taranto-662574157.htm
78.0,TOP,Piazzale industriale osmannoro,Firenze,Firenze,Toscana,7000.0,7500.0,1.1,Affitto,Terreni e rustici,430.8,542808.0,1260.0,1610.0,"visibilità, ss","piazzale, recintato, illuminato","Grande area (7000 mq, adatta per hub di ricarica ad alta intensità) | Ottima accessibilità riscontrata: visibilità, ss | Buon rendimento solare (1260 kWh/kWp/anno) | Caratteristiche rilevate: piazzale, recintato, illuminato | Canone di mercato (1.07 €/mq/mese)",,43.7698712,11.2555757,offline_istat,victoria srl,2026-09-26 10:15:11,https://www.subito.it/terreni-e-rustici/piazzale-industriale-osmannoro-firenze-620148982.htm
78.0,TOP,Pianura Via Eleonora Duse Rif.102T,Napoli,Napoli,Campania,3000.0,2000.0,0.7,Affitto,Terreni e rustici,184.6,265824.0,1440.0,1840.0,ss,"piazzale, asfaltato, cancello","Grande area (3000 mq, adatta per hub di ricarica ad alta intensità) | Ottima accessibilità riscontrata: ss | Ottimo rendimento solare (1440 kWh/kWp/anno) | Caratteristiche rilevate: piazzale, asfaltato, cancello | Canone di locazione vantaggioso (0.67 €/mq/mese)","Via Eleonora Duse, 80126 Napoli NA, Italia",40.8512643,14.1835994,portal_map,Lucchese Immobiliare,2026-09-16 11:06:27,https://www.subito.it/terreni-e-rustici/pianura-via-eleonora-duse-rif-102t-napoli-660919149.htm
78.0,TOP,Piazzale 1500 MQ,Alatri,Frosinone,Lazio,1500.0,600.0,0.4,Affitto,Terreni e rustici,92.3,123682.0,1340.0,1710.0,ss,"piazzale, recintato, cancello","Superficie ottimale (1500 mq, ideale per hub 6-12 stalli e pensiline FV 70-150 kWp) | Ottima accessibilità riscontrata: ss | Buon rendimento solare (1340 kWh/kWp/anno) | Caratteristiche rilevate: piazzale, recintato, cancello | Canone di locazione vantaggioso (0.40 €/mq/mese)",,41.7265029,13.3423028,offline_istat,,2026-08-30 09:24:09,https://www.subito.it/terreni-e-rustici/piazzale-1500-mq-frosinone-658834632.htm
78.0,TOP,Terreno di 1000 m² a Capannori,Capannori,Lucca,Toscana,1000.0,600.0,0.6,Affitto,Terreni e rustici,61.5,77490.0,1260.0,1610.0,ss,"piazzale, recintato","Superficie ottimale (1000 mq, ideale per hub 6-12 stalli e pensiline FV 70-150 kWp) | Ottima accessibilità riscontrata: ss | Buon rendimento solare (1260 kWh/kWp/anno) | Caratteristiche rilevate: piazzale, recintato | Canone di locazione vantaggioso (0.60 €/mq/mese)",,43.8876,10.5702,portal_map,Sist3ma immobiliare s.n.c.,2026-08-28 23:57:45,https://www.subito.it/terreni-e-rustici/terreno-di-1000-m²-a-capannori-lucca-658723114.htm
78.0,TOP,Terreno di 3500 m² a Amantea,Amantea,Cosenza,Calabria,3500.0,2000.0,0.6,Affitto,Terreni e rustici,215.4,310176.0,1440.0,1840.0,ss,"piazzale, asfaltato, recintato, zona industriale","Grande area (3500 mq, adatta per hub di ricarica ad alta intensità) | Ottima accessibilità riscontrata: ss | Ottimo rendimento solare (1440 kWh/kWp/anno) | Caratteristiche rilevate: piazzale, asfaltato, recintato | Canone di locazione vantaggioso (0.57 €/mq/mese)",,39.063,16.0975,portal_map,Archist Immobiliare,2026-08-28 23:26:24,https://www.subito.it/terreni-e-rustici/terreno-di-3500-m²-a-amantea-cosenza-658717174.htm
77.0,TOP,Immobile in asta di 1529 m² a Stornara,Stornara,Foggia,Puglia,1529.0,6510.0,4.3,Vendita,Terreni e rustici,94.1,135504.0,1440.0,1840.0,ss,piazzale,"Superficie ottimale (1529 mq, ideale per hub 6-12 stalli e pensiline FV 70-150 kWp) | Ottima accessibilità riscontrata: ss | Ottimo rendimento solare (1440 kWh/kWp/anno) | Caratteristiche rilevate: piazzale | Prezzo molto competitivo (4.3 €/mq)",,41.3153,15.7763,portal_map,Aste Florio,2026-09-28 17:36:55,https://www.subito.it/terreni-e-rustici/immobile-in-asta-di-1529-m²-a-stornara-foggia-662495483.htm
77.0,TOP,TERRENO RECINTATO PER PIAZZALE,Citta' Sant'Angelo,Pescara,Abruzzo,4176.0,700.0,0.2,Affitto,Terreni e rustici,257.0,373627.0,1453.8,1864.7,,"piazzale, recintato","Grande area (4176 mq, adatta per hub di ricarica ad alta intensità) | Accessibilità viaria standard da verificare da mappa | Irraggiamento solare eccellente (1454 kWh/kWp/anno) | Caratteristiche rilevate: piazzale, recintato | Canone di locazione vantaggioso (0.17 €/mq/mese)",,42.52335,14.13531,portal_map,Massimo PINCIOTTI,2026-09-27 11:17:16,https://www.subito.it/terreni-e-rustici/terreno-recintato-per-piazzale-pescara-588616357.htm
77.0,TOP,Immobile in asta di 121890 m² a Acate,Acate,Ragusa,Sicilia,121890.0,185620.0,1.5,Vendita,Terreni e rustici,500.0,839000.0,1678.0,2126.5,ss,"piazzale, asfaltato, pozzo","Superficie molto estesa (121890 mq, richiede frazionamento/sviluppo ampio) | Ottima accessibilità riscontrata: ss | Irraggiamento solare eccellente (1678 kWh/kWp/anno) | Caratteristiche rilevate: piazzale, asfaltato, pozzo | Prezzo molto competitivo (1.5 €/mq)",,37.0347,14.4272,portal_map,Aste Florio,2026-09-28 16:25:12,https://www.subito.it/terreni-e-rustici/immobile-in-asta-di-121890-m²-a-acate-ragusa-662482676.htm
77.0,TOP,fondo rustico - uliveto,Giovinazzo,Bari,Puglia,1700.0,35000.0,20.6,Vendita,Terreni e rustici,104.6,150624.0,1440.0,1840.0,,"piazzale, recintato","Superficie ottimale (1700 mq, ideale per hub 6-12 stalli e pensiline FV 70-150 kWp) | Accessibilità viaria standard da verificare da mappa | Ottimo rendimento solare (1440 kWh/kWp/anno) | Caratteristiche rilevate: piazzale, recintato | Prezzo molto competitivo (20.6 €/mq)",,41.1875008,16.6716662,offline_istat,,2026-09-27 09:21:47,https://www.subito.it/terreni-e-rustici/fondo-rustico-uliveto-bari-662301916.htm
77.0,TOP,Immobile in asta di 5889 m² a Ozieri,Ozieri,Sassari,Sardegna,5889.0,153130.0,26.0,Vendita,Terreni e rustici,362.4,521856.0,1440.0,1840.0,ss,"piazzale, cancello","Grande area (5889 mq, adatta per hub di ricarica ad alta intensità) | Ottima accessibilità riscontrata: ss | Ottimo rendimento solare (1440 kWh/kWp/anno) | Caratteristiche rilevate: piazzale, cancello | Prezzo molto competitivo (26.0 €/mq)",,40.5926,9.00002,portal_map,Aste Florio,2026-09-28 17:39:58,https://www.subito.it/terreni-e-rustici/immobile-in-asta-di-5889-m²-a-ozieri-sassari-662488487.htm
77.0,TOP,Immobile in asta di 2400 m² a Sarno,Sarno,Salerno,Campania,2400.0,20920.0,8.7,Vendita,Terreni e rustici,147.7,212688.0,1440.0,1840.0,ss,piazzale,"Superficie ottimale (2400 mq, ideale per hub 6-12 stalli e pensiline FV 70-150 kWp) | Ottima accessibilità riscontrata: ss | Ottimo rendimento solare (1440 kWh/kWp/anno) | Caratteristiche rilevate: piazzale | Prezzo molto competitivo (8.7 €/mq)",,40.8055,14.6342,portal_map,Aste Florio,2026-10-01 10:42:46,https://www.subito.it/terreni-e-rustici/immobile-in-asta-di-2400-m²-a-sarno-salerno-662845306.htm
77.0,TOP,Edificio intero con ampi spazi per sede aziendale,San Paolo d'Argon,Bergamo,Lombardia,17000.0,6000.0,0.4,Affitto,Uffici e Locali commerciali,500.0,595000.0,1190.0,1520.0,"visibilità, strada statale, ss",piazzale,"Superficie molto estesa (17000 mq, richiede frazionamento/sviluppo ampio) | Ottima accessibilità riscontrata: visibilità, strada statale, ss | Rendimento solare moderato Nord Italia (1190 kWh/kWp/anno) | Caratteristiche rilevate: piazzale | Canone di locazione vantaggioso (0.35 €/mq/mese)","Via Nazionale, 6, 24060 San Paolo d'Argon BG, Italia",45.6861875,9.8114051,portal_map,Marchesi,2026-09-28 14:44:59,https://www.subito.it/uffici-locali-commerciali/edificio-intero-con-ampi-spazi-per-sede-aziendale-bergamo-662455353.htm
76.0,TOP,CAPANNONE 9.000 mq - ZONA D3 PRODUTTIVA,Puglianello,Benevento,Campania,9000.0,850000.0,94.4,Vendita,Uffici e Locali commerciali,500.0,710000.0,1420.0,1820.0,"ss, accesso carrabile, manovra",piazzale,"Superficie molto estesa (9000 mq, richiede frazionamento/sviluppo ampio) | Ottima accessibilità riscontrata: ss, accesso carrabile, manovra | Ottimo rendimento solare (1420 kWh/kWp/anno) | Caratteristiche rilevate: piazzale | Prezzo congruo di mercato (94.4 €/mq)","Via Molino, 7, 82030 Puglianello BN, Italia",41.2239024,14.4420899,portal_map,Antonio Lavorgna,2026-10-01 10:09:09,https://www.subito.it/uffici-locali-commerciali/capannone-9-000-mq-zona-d3-produttiva-benevento-662414918.htm
76.0,TOP,Immobile commerciale,Senorbi',Cagliari,Sardegna,890.0,,,Vendita,Uffici e Locali commerciali,54.8,77816.0,1420.0,1820.0,"visibilità, ss",piazzale,"Superficie ottimale (890 mq, ideale per hub 6-12 stalli e pensiline FV 70-150 kWp) | Ottima accessibilità riscontrata: visibilità, ss | Ottimo rendimento solare (1420 kWh/kWp/anno) | Caratteristiche rilevate: piazzale | Prezzo/canone riservato o non specificato","09040 Senorbi' CA, Italia",39.53307327645602,9.131269481242587,portal_map,esse 2 snc,2026-10-01 08:07:11,https://www.subito.it/uffici-locali-commerciali/immobile-commerciale-cagliari-642567781.htm
76.0,TOP,Terreno residenziale - Quartu Sant'Elena,Cagliari,Cagliari,Sardegna,5000.0,1400000.0,280.0,Vendita,Terreni e rustici,307.7,483120.0,1570.1,2005.0,"visibilità, ss, manovra",piazzale,"Grande area (5000 mq, adatta per hub di ricarica ad alta intensità) | Ottima accessibilità riscontrata: visibilità, ss, manovra | Irraggiamento solare eccellente (1570 kWh/kWp/anno) | Caratteristiche rilevate: piazzale | Prezzo elevato (280.0 €/mq, possibile fabbricato incluso)","Via Galvani, 0, 09129 Cagliari CA, Italia",39.23030019999999,9.1336811,portal_map,Gabetti Cagliari Villanova,2026-09-30 10:34:59,https://www.subito.it/terreni-e-rustici/terreno-residenziale-quartu-sant-elena-cagliari-662709751.htm
75.0,TOP,Terreno di 1400 m² a Pomezia,Pomezia,Roma,Lazio,1400.0,59000.0,42.1,Vendita,Terreni e rustici,86.2,115508.0,1340.0,1710.0,"visibilità, ss",cancello,"Superficie ottimale (1400 mq, ideale per hub 6-12 stalli e pensiline FV 70-150 kWp) | Ottima accessibilità riscontrata: visibilità, ss | Buon rendimento solare (1340 kWh/kWp/anno) | Caratteristiche rilevate: cancello | Prezzo molto competitivo (42.1 €/mq)",,41.6294,12.478,portal_map,Heimat Immobiliare Srls,2026-10-01 10:42:08,https://www.subito.it/terreni-e-rustici/terreno-di-1400-m²-a-pomezia-roma-662844517.htm
75.0,TOP,Terreno di 9000 m² a Monterotondo,Monterotondo,Roma,Lazio,9000.0,5000.0,0.6,Affitto,Terreni e rustici,500.0,670000.0,1340.0,1710.0,"fronte strada, visibilità, autostrada, ss",,"Superficie molto estesa (9000 mq, richiede frazionamento/sviluppo ampio) | Ottima accessibilità riscontrata: fronte strada, visibilità, autostrada, ss | Buon rendimento solare (1340 kWh/kWp/anno) | Stato del lotto da verificare (pavimentazione/recinzione) | Canone di locazione vantaggioso (0.56 €/mq/mese)",,42.0495,12.6098,portal_map,Elleci consulenza,2026-09-19 11:29:27,https://www.subito.it/terreni-e-rustici/terreno-di-9000-m²-a-monterotondo-roma-661302505.htm
75.0,TOP,Piazzale,Roma,Roma,Lazio,6500.0,3000.0,0.5,Affitto,Terreni e rustici,400.0,536000.0,1340.0,1710.0,autostrada,piazzale,"Grande area (6500 mq, adatta per hub di ricarica ad alta intensità) | Ottima accessibilità riscontrata: autostrada | Buon rendimento solare (1340 kWh/kWp/anno) | Caratteristiche rilevate: piazzale | Canone di locazione vantaggioso (0.46 €/mq/mese)","V. di Settebagni, Roma RM, Italia",41.9874027,12.5181895,portal_map,oms srl,2026-09-27 14:39:06,https://www.subito.it/terreni-e-rustici/piazzale-roma-630532906.htm
75.0,TOP,Cascina/Casale - Ragusa,Ragusa,Ragusa,Sicilia,2400.0,190000.0,79.2,Vendita,Terreni e rustici,147.7,235921.0,1597.3,2049.6,"visibilità, ss",,"Superficie ottimale (2400 mq, ideale per hub 6-12 stalli e pensiline FV 70-150 kWp) | Ottima accessibilità riscontrata: visibilità, ss | Irraggiamento solare eccellente (1597 kWh/kWp/anno) | Stato del lotto da verificare (pavimentazione/recinzione) | Prezzo congruo di mercato (79.2 €/mq)",,36.9178407,14.7001763,portal_map,RE MAX Platinum 6,2026-10-01 01:32:57,https://www.subito.it/terreni-e-rustici/cascina-casale-ragusa-ragusa-653601139.htm
75.0,TOP,Terreno - Misterbianco,Misterbianco,Catania,Sicilia,5000.0,40000.0,8.0,Vendita,Terreni e rustici,307.7,470781.0,1530.0,1960.0,"visibilità, ss",,"Grande area (5000 mq, adatta per hub di ricarica ad alta intensità) | Ottima accessibilità riscontrata: visibilità, ss | Irraggiamento solare eccellente (1530 kWh/kWp/anno) | Stato del lotto da verificare (pavimentazione/recinzione) | Prezzo molto competitivo (8.0 €/mq)",,37.5253327,15.0247401,portal_map,RE MAX Platinum,2026-10-01 13:21:01,https://www.subito.it/terreni-e-rustici/terreno-misterbianco-catania-649462704.htm
75.0,TOP,Immobile in asta di 10660 m² a Monte Porzio Catone,Monte Porzio Catone,Roma,Lazio,10660.0,371460.0,34.8,Vendita,Terreni e rustici,500.0,670000.0,1340.0,1710.0,"casello, autostrada, ss",,"Superficie molto estesa (10660 mq, richiede frazionamento/sviluppo ampio) | Ottima accessibilità riscontrata: casello, autostrada, ss | Buon rendimento solare (1340 kWh/kWp/anno) | Stato del lotto da verificare (pavimentazione/recinzione) | Prezzo molto competitivo (34.8 €/mq)",,41.8141,12.7139,portal_map,Aste Florio,2026-10-01 10:42:47,https://www.subito.it/terreni-e-rustici/immobile-in-asta-di-10660-m²-a-monte-porzio-catone-roma-662845423.htm
75.0,TOP,Immobile in asta di 32500 m² a Eboli,Eboli,Salerno,Campania,32500.0,196290.0,6.0,Vendita,Terreni e rustici,500.0,720000.0,1440.0,1840.0,"autostrada, ss",recintato,"Superficie molto estesa (32500 mq, richiede frazionamento/sviluppo ampio) | Ottima accessibilità riscontrata: autostrada, ss | Ottimo rendimento solare (1440 kWh/kWp/anno) | Caratteristiche rilevate: recintato | Prezzo molto competitivo (6.0 €/mq)",,40.5347,14.9986,portal_map,Aste Florio,2026-10-01 10:42:16,https://www.subito.it/terreni-e-rustici/immobile-in-asta-di-32500-m²-a-eboli-salerno-662844703.htm
75.0,TOP,Terreno Edificabile - Aci Castello,Aci Castello,Catania,Sicilia,5000.0,249000.0,49.8,Vendita,Terreni e rustici,307.7,470781.0,1530.0,1960.0,"visibilità, ss",,"Grande area (5000 mq, adatta per hub di ricarica ad alta intensità) | Ottima accessibilità riscontrata: visibilità, ss | Irraggiamento solare eccellente (1530 kWh/kWp/anno) | Stato del lotto da verificare (pavimentazione/recinzione) | Prezzo molto competitivo (49.8 €/mq)",,37.5459747,15.1268965,portal_map,RE MAX Platinum,2026-10-01 12:31:36,https://www.subito.it/terreni-e-rustici/terreno-edificabile-aci-castello-catania-649463200.htm
75.0,TOP,Immobile in asta di 5489 m² a Terre Roveresche,Terre Roveresche,Pesaro e Urbino,Marche,5489.0,37490.0,6.8,Vendita,Terreni e rustici,337.8,425628.0,1260.0,1610.0,ss,"piazzale, zona artigianale","Grande area (5489 mq, adatta per hub di ricarica ad alta intensità) | Ottima accessibilità riscontrata: ss | Buon rendimento solare (1260 kWh/kWp/anno) | Caratteristiche rilevate: piazzale, zona artigianale | Prezzo molto competitivo (6.8 €/mq)",,43.6848,12.976,portal_map,Aste Florio,2026-09-29 10:53:01,https://www.subito.it/terreni-e-rustici/immobile-in-asta-di-5489-m²-a-terre-roveresche-pesaro-urbino-662573519.htm
75.0,TOP,Capannone prefabbricato nuova costruzione 500mq,Porto Sant'Elpidio,Fermo,Marche,700.0,,,Affitto,Uffici e Locali commerciali,43.1,57754.0,1340.0,1710.0,autostrada,"piazzale, zona industriale","Superficie ottimale (700 mq, ideale per hub 6-12 stalli e pensiline FV 70-150 kWp) | Ottima accessibilità riscontrata: autostrada | Buon rendimento solare (1340 kWh/kWp/anno) | Caratteristiche rilevate: piazzale, zona industriale | Prezzo/canone riservato o non specificato","Via dell'industria, 63821 Porto Sant'Elpidio FM, Italia",43.2370971,13.74762,portal_map,andrea,2026-09-30 14:35:44,https://www.subito.it/uffici-locali-commerciali/capannone-prefabbricato-nuova-costruzione-500mq-fermo-594766673.htm
75.0,TOP,CAPANNONE A BRESCIA,Brescia,Brescia,Lombardia,400.0,1600.0,4.0,Affitto,Uffici e Locali commerciali,24.6,29274.0,1190.0,1520.0,"tangenziale, autostrada, ss",piazzale,"Hub cittadino/commerciale (400 mq, ottimo per 4-6 stalli e pensilina 30-70 kWp) | Ottima accessibilità riscontrata: tangenziale, autostrada, ss | Rendimento solare moderato Nord Italia (1190 kWh/kWp/anno) | Caratteristiche rilevate: piazzale | Canone elevato (4.00 €/mq/mese)",,45.5243398,10.192948,portal_map,STUDIO IMPRESA 1 srl,2026-10-01 02:39:39,https://www.subito.it/uffici-locali-commerciali/capannone-a-brescia-brescia-662820415.htm
74.0,BUONO,ESCLUSIVA TENUTA PER EVENTI E ATTIVITÀ RICREATIVE,Bitonto,Bari,Puglia,8000.0,150000.0,18.8,Vendita,Terreni e rustici,492.3,708912.0,1440.0,1840.0,ss,"recintato, cancello","Grande area (8000 mq, adatta per hub di ricarica ad alta intensità) | Ottima accessibilità riscontrata: ss | Ottimo rendimento solare (1440 kWh/kWp/anno) | Caratteristiche rilevate: recintato, cancello | Prezzo molto competitivo (18.8 €/mq)",,41.1084971,16.691548,offline_istat,Studi Santi srl,2026-10-01 01:58:03,https://www.subito.it/terreni-e-rustici/esclusiva-tenuta-per-eventi-e-attivita-ricreative-bari-661687093.htm
74.0,BUONO,TERRENO A SCANDICCI,Scandicci,Firenze,Toscana,2200.0,2500.0,1.1,Affitto,Terreni e rustici,135.4,170604.0,1260.0,1610.0,ss,"recintato, zona industriale","Superficie ottimale (2200 mq, ideale per hub 6-12 stalli e pensiline FV 70-150 kWp) | Ottima accessibilità riscontrata: ss | Buon rendimento solare (1260 kWh/kWp/anno) | Caratteristiche rilevate: recintato, zona industriale | Canone di mercato (1.14 €/mq/mese)",,43.7736090023,11.1479244866,portal_map,IMPRESA SCANDICCI LE SIGNE sas,2026-08-08 02:25:43,https://www.subito.it/terreni-e-rustici/terreno-a-scandicci-firenze-656700891.htm
74.0,BUONO,Piano terra Masseria con locali e terreni,Castellana Grotte,Bari,Puglia,600.0,700.0,1.2,Affitto,Terreni e rustici,36.9,53136.0,1440.0,1840.0,ss,piazzale,"Superficie ottimale (600 mq, ideale per hub 6-12 stalli e pensiline FV 70-150 kWp) | Ottima accessibilità riscontrata: ss | Ottimo rendimento solare (1440 kWh/kWp/anno) | Caratteristiche rilevate: piazzale | Canone di mercato (1.17 €/mq/mese)","Strada Comunale S. Stefano, 27, 70013 Castellana Grotte BA, Italia",40.886081,17.190688,portal_map,Giovanni,2026-09-22 18:58:32,https://www.subito.it/terreni-e-rustici/piano-terra-masseria-con-locali-e-terreni-bari-661737665.htm
74.0,BUONO,Rustico/Casale/Corte Brindisi,Brindisi,Brindisi,Puglia,3300.0,1200.0,0.4,Affitto,Terreni e rustici,203.1,292464.0,1440.0,1840.0,,"piazzale, recintato, zona industriale","Grande area (3300 mq, adatta per hub di ricarica ad alta intensità) | Accessibilità viaria standard da verificare da mappa | Ottimo rendimento solare (1440 kWh/kWp/anno) | Caratteristiche rilevate: piazzale, recintato, zona industriale | Canone di locazione vantaggioso (0.36 €/mq/mese)",,40.63935,17.9527974,portal_map,Brindisi Centro,2026-09-24 13:58:02,https://www.subito.it/terreni-e-rustici/rustico-casale-corte-brindisi-brindisi-661987520.htm
74.0,BUONO,Terreno Edificabile - Augusta,Augusta,Siracusa,Sicilia,7300.0,79000.0,10.8,Vendita,Terreni e rustici,449.2,687276.0,1530.0,1960.0,ss,recintato,"Grande area (7300 mq, adatta per hub di ricarica ad alta intensità) | Ottima accessibilità riscontrata: ss | Irraggiamento solare eccellente (1530 kWh/kWp/anno) | Caratteristiche rilevate: recintato | Prezzo molto competitivo (10.8 €/mq)",,37.2919592,15.1363681,portal_map,RE MAX Platinum,2026-10-01 13:37:48,https://www.subito.it/terreni-e-rustici/terreno-edificabile-augusta-siracusa-649462714.htm
74.0,BUONO,RUSTICO A MARTINA FRANCA,Martina Franca,Taranto,Puglia,4000.0,65000.0,16.2,Vendita,Terreni e rustici,246.2,354528.0,1440.0,1840.0,ss,piazzale,"Grande area (4000 mq, adatta per hub di ricarica ad alta intensità) | Ottima accessibilità riscontrata: ss | Ottimo rendimento solare (1440 kWh/kWp/anno) | Caratteristiche rilevate: piazzale | Prezzo molto competitivo (16.2 €/mq)",,40.7018971,17.3466227,portal_map,STUDIO FRANCAVILLA srl,2026-10-01 02:39:30,https://www.subito.it/terreni-e-rustici/rustico-a-martina-franca-taranto-662820119.htm
74.0,BUONO,Capannone Industriale,Calangianus,Gallura,Sardegna,1800.0,,,Vendita,Uffici e Locali commerciali,110.8,157336.0,1420.0,1820.0,ss,"piazzale, recintato, pozzo, cancello","Superficie ottimale (1800 mq, ideale per hub 6-12 stalli e pensiline FV 70-150 kWp) | Ottima accessibilità riscontrata: ss | Ottimo rendimento solare (1420 kWh/kWp/anno) | Caratteristiche rilevate: piazzale, recintato, pozzo | Prezzo/canone riservato o non specificato",,40.9197741,9.1948191,offline_istat,Roberto,2026-10-01 09:22:09,https://www.subito.it/uffici-locali-commerciali/capannone-industriale-gallura-652403275.htm
74.0,BUONO,Marconi - ufficio a piano terra,Roma,Roma,Lazio,120.0,1500.0,12.5,Vendita,Uffici e Locali commerciali,7.4,11079.0,1497.1,1915.2,ss,"piazzale, pozzo","Micro-hub compatto (120 mq, ideale per 2-4 stalli fast e pensilina 15-30 kWp) | Ottima accessibilità riscontrata: ss | Irraggiamento solare eccellente (1497 kWh/kWp/anno) | Caratteristiche rilevate: piazzale, pozzo | Prezzo molto competitivo (12.5 €/mq)","Via di Pozzo Pantaleo, Roma RM, Italia",41.866728,12.4638817,portal_map,tecnocasa - immobili commerciali marconi srl,2026-10-01 13:24:10,https://www.subito.it/uffici-locali-commerciali/marconi-ufficio-a-piano-terra-roma-662868553.htm
73.0,BUONO,Deposito,Latina,Latina,Lazio,1000.0,,,Affitto,Uffici e Locali commerciali,61.5,92447.0,1503.2,1942.8,ss,piazzale,"Superficie ottimale (1000 mq, ideale per hub 6-12 stalli e pensiline FV 70-150 kWp) | Ottima accessibilità riscontrata: ss | Irraggiamento solare eccellente (1503 kWh/kWp/anno) | Caratteristiche rilevate: piazzale | Prezzo/canone riservato o non specificato",,41.4672827,12.9037789,offline_istat,mauro,2026-09-30 23:24:44,https://www.subito.it/uffici-locali-commerciali/deposito-latina-648069857.htm
73.0,BUONO,CAPANNONE A INVERIGO,Inverigo,Como,Lombardia,2700.0,4166.0,1.5,Affitto,Uffici e Locali commerciali,166.2,197778.0,1190.0,1520.0,"fronte strada, ss, accesso carrabile, manovra",,"Grande area (2700 mq, adatta per hub di ricarica ad alta intensità) | Ottima accessibilità riscontrata: fronte strada, ss, accesso carrabile, manovra | Rendimento solare moderato Nord Italia (1190 kWh/kWp/anno) | Stato del lotto da verificare (pavimentazione/recinzione) | Canone di mercato (1.54 €/mq/mese)",,45.730893,9.2251203,portal_map,STUDIO PERILLO srl,2026-09-23 02:39:33,https://www.subito.it/uffici-locali-commerciali/capannone-a-inverigo-como-661771793.htm
73.0,BUONO,Cascina/Casale - Vittoria,Vittoria,Ragusa,Sicilia,1000.0,400000.0,400.0,Vendita,Terreni e rustici,61.5,94095.0,1530.0,1960.0,"ss, manovra",piazzale,"Superficie ottimale (1000 mq, ideale per hub 6-12 stalli e pensiline FV 70-150 kWp) | Ottima accessibilità riscontrata: ss, manovra | Irraggiamento solare eccellente (1530 kWh/kWp/anno) | Caratteristiche rilevate: piazzale | Prezzo elevato (400.0 €/mq, possibile fabbricato incluso)",,36.920858,14.4149388,portal_map,RE MAX Platinum 6,2026-10-01 01:32:43,https://www.subito.it/terreni-e-rustici/cascina-casale-vittoria-ragusa-637440430.htm
73.0,BUONO,Immobile in asta di 27448 m² a Enna,Enna,Enna,Sicilia,27448.0,618740.0,22.5,Vendita,Terreni e rustici,500.0,765000.0,1530.0,1960.0,ss,piazzale,"Superficie molto estesa (27448 mq, richiede frazionamento/sviluppo ampio) | Ottima accessibilità riscontrata: ss | Irraggiamento solare eccellente (1530 kWh/kWp/anno) | Caratteristiche rilevate: piazzale | Prezzo molto competitivo (22.5 €/mq)",,37.5554,14.2978,portal_map,Aste Florio,2026-09-28 17:38:38,https://www.subito.it/terreni-e-rustici/immobile-in-asta-di-27448-m²-a-enna-enna-662497404.htm
73.0,BUONO,Terreno Edificabile - Ispica,Ispica,Ragusa,Sicilia,45606.0,900000.0,19.7,Vendita,Terreni e rustici,500.0,765000.0,1530.0,1960.0,ss,cabina,"Superficie molto estesa (45606 mq, richiede frazionamento/sviluppo ampio) | Ottima accessibilità riscontrata: ss | Irraggiamento solare eccellente (1530 kWh/kWp/anno) | Presenza di infrastruttura elettrica/cabina citata nell'annuncio | Prezzo molto competitivo (19.7 €/mq)",,36.7854596,14.9044765,portal_map,RE MAX Platinum 6,2026-10-01 01:32:56,https://www.subito.it/terreni-e-rustici/terreno-edificabile-ispica-ragusa-655781564.htm
73.0,BUONO,Terreno di 3000 m² a Conselice,Conselice,Ravenna,Emilia-Romagna,3000.0,1250.0,0.4,Affitto,Terreni e rustici,184.6,232596.0,1260.0,1610.0,visibilità,piazzale,"Grande area (3000 mq, adatta per hub di ricarica ad alta intensità) | Ottima accessibilità riscontrata: visibilità | Buon rendimento solare (1260 kWh/kWp/anno) | Caratteristiche rilevate: piazzale | Canone di locazione vantaggioso (0.42 €/mq/mese)",,44.5127578,11.8291743,offline_istat,Cristal Immobiliare,2026-08-28 23:15:45,https://www.subito.it/terreni-e-rustici/terreno-di-3000-m²-a-conselice-ravenna-658714595.htm
72.0,BUONO,TER. AGRICOLO A GIARRE,Giarre,Catania,Sicilia,6044.0,29000.0,4.8,Vendita,Terreni e rustici,371.9,569007.0,1530.0,1960.0,ss,cancello,"Grande area (6044 mq, adatta per hub di ricarica ad alta intensità) | Ottima accessibilità riscontrata: ss | Irraggiamento solare eccellente (1530 kWh/kWp/anno) | Caratteristiche rilevate: cancello | Prezzo molto competitivo (4.8 €/mq)",,37.7168937663,15.1474281926,portal_map,IMMOBILIARE GIARRE CENTRO d.i.,2026-10-01 02:39:24,https://www.subito.it/terreni-e-rustici/ter-agricolo-a-giarre-catania-662819920.htm
72.0,BUONO,Terreno di 2000 m² a Arzano,Arzano,Napoli,Campania,2000.0,5000.0,2.5,Affitto,Terreni e rustici,123.1,177264.0,1440.0,1840.0,ss,asfaltato,"Superficie ottimale (2000 mq, ideale per hub 6-12 stalli e pensiline FV 70-150 kWp) | Ottima accessibilità riscontrata: ss | Ottimo rendimento solare (1440 kWh/kWp/anno) | Caratteristiche rilevate: asfaltato | Canone di mercato (2.50 €/mq/mese)",,40.9160204,14.2680178,offline_istat,Andromeda Immobiliare,2026-08-28 21:58:00,https://www.subito.it/terreni-e-rustici/terreno-di-2000-m²-a-arzano-napoli-658698235.htm
72.0,BUONO,Terreno di 2300 m² a Grumo Nevano,Grumo Nevano,Napoli,Campania,2300.0,5000.0,2.2,Affitto,Terreni e rustici,141.5,203760.0,1440.0,1840.0,"visibilità, ss",,"Superficie ottimale (2300 mq, ideale per hub 6-12 stalli e pensiline FV 70-150 kWp) | Ottima accessibilità riscontrata: visibilità, ss | Ottimo rendimento solare (1440 kWh/kWp/anno) | Stato del lotto da verificare (pavimentazione/recinzione) | Canone di mercato (2.17 €/mq/mese)",,40.9381543,14.2592688,offline_istat,Andromeda Immobiliare,2026-08-28 22:03:41,https://www.subito.it/terreni-e-rustici/terreno-di-2300-m²-a-grumo-nevano-napoli-658699483.htm
72.0,BUONO,Terreno - Viagrande,Viagrande,Catania,Sicilia,2500.0,1000.0,0.4,Affitto,Terreni e rustici,153.8,235314.0,1530.0,1960.0,ss,,"Superficie ottimale (2500 mq, ideale per hub 6-12 stalli e pensiline FV 70-150 kWp) | Ottima accessibilità riscontrata: ss | Irraggiamento solare eccellente (1530 kWh/kWp/anno) | Stato del lotto da verificare (pavimentazione/recinzione) | Canone di locazione vantaggioso (0.40 €/mq/mese)",,37.6028303,15.1018008,portal_map,RE MAX Platinum,2026-09-27 14:39:04,https://www.subito.it/terreni-e-rustici/terreno-viagrande-catania-655026806.htm
72.0,BUONO,Immobile in asta di 3230 m² a Lizzano,Lizzano,Taranto,Puglia,3230.0,107240.0,33.2,Vendita,Uffici e Locali commerciali,198.8,286272.0,1440.0,1840.0,"visibilità, ss",,"Grande area (3230 mq, adatta per hub di ricarica ad alta intensità) | Ottima accessibilità riscontrata: visibilità, ss | Ottimo rendimento solare (1440 kWh/kWp/anno) | Stato del lotto da verificare (pavimentazione/recinzione) | Prezzo molto competitivo (33.2 €/mq)",,40.3902,17.4588,portal_map,Aste Florio,2026-10-01 10:42:31,https://www.subito.it/uffici-locali-commerciali/immobile-in-asta-di-3230-m²-a-lizzano-taranto-662845028.htm
72.0,BUONO,Immobile in asta di 11730 m² a Adrara San Martino,Adrara San Martino,Bergamo,Lombardia,11730.0,23830.0,2.0,Vendita,Terreni e rustici,500.0,595000.0,1190.0,1520.0,"casello, autostrada, ss",,"Superficie molto estesa (11730 mq, richiede frazionamento/sviluppo ampio) | Ottima accessibilità riscontrata: casello, autostrada, ss | Rendimento solare moderato Nord Italia (1190 kWh/kWp/anno) | Stato del lotto da verificare (pavimentazione/recinzione) | Prezzo molto competitivo (2.0 €/mq)",,45.6954,9.94294,portal_map,Aste Florio,2026-10-01 10:43:02,https://www.subito.it/terreni-e-rustici/immobile-in-asta-di-11730-m²-a-adrara-san-martino-bergamo-662845762.htm
72.0,BUONO,Terreno di 318 m² a Monterotondo,Monterotondo,Roma,Lazio,26581.0,750000.0,28.2,Vendita,Terreni e rustici,500.0,670000.0,1340.0,1710.0,"ss, accesso carrabile",piazzale,"Superficie molto estesa (26581 mq, richiede frazionamento/sviluppo ampio) | Ottima accessibilità riscontrata: ss, accesso carrabile | Buon rendimento solare (1340 kWh/kWp/anno) | Caratteristiche rilevate: piazzale | Prezzo molto competitivo (28.2 €/mq)",,42.0711,12.6092,portal_map,RockAgent,2026-09-26 12:07:07,https://www.subito.it/terreni-e-rustici/terreno-di-318-m²-a-monterotondo-roma-662215412.htm
72.0,BUONO,"Capannone Fenegrò, via Berina 2, Vendita diretta",Fenegro',Como,Lombardia,4200.0,900000.0,214.3,Vendita,Uffici e Locali commerciali,258.5,346623.0,1340.9,1722.5,"autostrada, ss",piazzale,"Grande area (4200 mq, adatta per hub di ricarica ad alta intensità) | Ottima accessibilità riscontrata: autostrada, ss | Buon rendimento solare (1341 kWh/kWp/anno) | Caratteristiche rilevate: piazzale | Prezzo sopra la media (214.3 €/mq)","Via Berina, 2, 22070 Fenegrò CO, Italia",45.7127709,9.0013355,portal_map,Metal System srl,2026-10-01 12:15:14,https://www.subito.it/uffici-locali-commerciali/capannone-fenegro-via-berina-2-vendita-diretta-como-661307112.htm
71.0,BUONO,Immobile in asta di 6001 m² a Monte Urano,Monte Urano,Fermo,Marche,6001.0,102300.0,17.0,Vendita,Terreni e rustici,369.3,494862.0,1340.0,1710.0,"autostrada, ss",,"Grande area (6001 mq, adatta per hub di ricarica ad alta intensità) | Ottima accessibilità riscontrata: autostrada, ss | Buon rendimento solare (1340 kWh/kWp/anno) | Stato del lotto da verificare (pavimentazione/recinzione) | Prezzo molto competitivo (17.0 €/mq)",,43.1898,13.676,portal_map,Aste Florio,2026-10-01 10:43:07,https://www.subito.it/terreni-e-rustici/immobile-in-asta-di-6001-m²-a-monte-urano-fermo-662845885.htm
71.0,BUONO,Terreno di 5500 m² a Piacenza,Piacenza,Piacenza,Emilia-Romagna,5500.0,56000.0,10.2,Affitto,Terreni e rustici,338.5,402815.0,1190.0,1520.0,"casello, ss","piazzale, recintato, cancello","Grande area (5500 mq, adatta per hub di ricarica ad alta intensità) | Ottima accessibilità riscontrata: casello, ss | Rendimento solare moderato Nord Italia (1190 kWh/kWp/anno) | Caratteristiche rilevate: piazzale, recintato, cancello | Canone elevato (10.18 €/mq/mese)",,45.0407,9.75216,portal_map,Farnese Soluzioni Immobiliari,2026-08-28 22:31:20,https://www.subito.it/terreni-e-rustici/terreno-di-5500-m²-a-piacenza-piacenza-658705123.htm
71.0,BUONO,TERRENO A DESENZANO DEL GARDA,Desenzano del Garda,Brescia,Lombardia,1400.0,800.0,0.6,Affitto,Terreni e rustici,86.2,102578.0,1190.0,1520.0,ss,piazzale,"Superficie ottimale (1400 mq, ideale per hub 6-12 stalli e pensiline FV 70-150 kWp) | Ottima accessibilità riscontrata: ss | Rendimento solare moderato Nord Italia (1190 kWh/kWp/anno) | Caratteristiche rilevate: piazzale | Canone di locazione vantaggioso (0.57 €/mq/mese)",,45.4578084,10.5318803,portal_map,EUROGARDA COMMERCIALE srl,2026-09-06 02:34:02,https://www.subito.it/terreni-e-rustici/terreno-a-desenzano-del-garda-brescia-659672002.htm
71.0,BUONO,Terreno Edificabile - Favara,Favara,Agrigento,Sicilia,1300.0,200000.0,153.8,Vendita,Terreni e rustici,80.0,122400.0,1530.0,1960.0,"visibilità, ss",,"Superficie ottimale (1300 mq, ideale per hub 6-12 stalli e pensiline FV 70-150 kWp) | Ottima accessibilità riscontrata: visibilità, ss | Irraggiamento solare eccellente (1530 kWh/kWp/anno) | Stato del lotto da verificare (pavimentazione/recinzione) | Prezzo sopra la media (153.8 €/mq)",,37.307388,13.658213,portal_map,RE MAX Platinum 6,2026-10-01 01:32:52,https://www.subito.it/terreni-e-rustici/terreno-edificabile-favara-agrigento-648911036.htm
71.0,BUONO,Immobile di 680 m² con 1 locale a Imola,Imola,Bologna,Emilia-Romagna,1180.0,2300.0,1.9,Affitto,Uffici e Locali commerciali,72.6,91476.0,1260.0,1610.0,ss,piazzale,"Superficie ottimale (1180 mq, ideale per hub 6-12 stalli e pensiline FV 70-150 kWp) | Ottima accessibilità riscontrata: ss | Buon rendimento solare (1260 kWh/kWp/anno) | Caratteristiche rilevate: piazzale | Canone di mercato (1.95 €/mq/mese)",,44.3792,11.7376,portal_map,Cristal Immobiliare,2026-09-30 10:51:43,https://www.subito.it/uffici-locali-commerciali/immobile-di-680-m²-con-1-locale-a-imola-bologna-662712216.htm
71.0,BUONO,Immobile in asta di 41390 m² a Mazzano Romano,Mazzano Romano,Roma,Lazio,41390.0,83580.0,2.0,Vendita,Terreni e rustici,500.0,670000.0,1340.0,1710.0,ss,"piazzale, asfaltato","Superficie molto estesa (41390 mq, richiede frazionamento/sviluppo ampio) | Ottima accessibilità riscontrata: ss | Buon rendimento solare (1340 kWh/kWp/anno) | Caratteristiche rilevate: piazzale, asfaltato | Prezzo molto competitivo (2.0 €/mq)",,42.19,12.4096,portal_map,Aste Florio,2026-09-28 10:42:44,https://www.subito.it/terreni-e-rustici/immobile-in-asta-di-41390-m²-a-mazzano-romano-roma-662423998.htm
71.0,BUONO,Terreno commerciale - Viale Elmas 138,Cagliari,Cagliari,Sardegna,25000.0,980000.0,39.2,Vendita,Terreni e rustici,500.0,785050.0,1570.1,2005.0,"visibilità, ss",,"Superficie molto estesa (25000 mq, richiede frazionamento/sviluppo ampio) | Ottima accessibilità riscontrata: visibilità, ss | Irraggiamento solare eccellente (1570 kWh/kWp/anno) | Stato del lotto da verificare (pavimentazione/recinzione) | Prezzo molto competitivo (39.2 €/mq)","Viale Elmas, 138, 09122 Cagliari CA, Italia",39.2455423,9.088096,portal_map,Gabetti Cagliari Villanova,2026-09-30 10:33:45,https://www.subito.it/terreni-e-rustici/terreno-commerciale-viale-elmas-138-cagliari-662708241.htm
71.0,BUONO,Immobile in asta di 41390 m² a Mazzano Romano,Mazzano Romano,Roma,Lazio,41390.0,83580.0,2.0,Vendita,Terreni e rustici,500.0,670000.0,1340.0,1710.0,ss,"piazzale, asfaltato","Superficie molto estesa (41390 mq, richiede frazionamento/sviluppo ampio) | Ottima accessibilità riscontrata: ss | Buon rendimento solare (1340 kWh/kWp/anno) | Caratteristiche rilevate: piazzale, asfaltato | Prezzo molto competitivo (2.0 €/mq)",,42.19,12.4096,portal_map,Aste Florio,2026-09-30 10:52:20,https://www.subito.it/terreni-e-rustici/immobile-in-asta-di-41390-m²-a-mazzano-romano-roma-662713781.htm
71.0,BUONO,Capannone alta visibilità con spazio antistante,Nocera Superiore,Salerno,Campania,450.0,3500.0,7.8,Affitto,Uffici e Locali commerciali,27.7,39888.0,1440.0,1840.0,"visibilità, ss",piazzale,"Hub cittadino/commerciale (450 mq, ottimo per 4-6 stalli e pensilina 30-70 kWp) | Ottima accessibilità riscontrata: visibilità, ss | Ottimo rendimento solare (1440 kWh/kWp/anno) | Caratteristiche rilevate: piazzale | Canone elevato (7.78 €/mq/mese)","Via Don Bosco, 2, 84015 Nocera Superiore SA, Italia",40.737587,14.6867426,portal_map,Rino,2026-09-30 14:21:08,https://www.subito.it/uffici-locali-commerciali/capannone-alta-visibilita-con-spazio-antistante-salerno-662745194.htm
70.0,BUONO,Immobile di 1382 m² a Olbia,Olbia,Gallura,Sardegna,3270.0,1250000.0,382.3,Vendita,Uffici e Locali commerciali,201.2,309285.0,1537.2,1952.9,ss,"piazzale, zona industriale","Grande area (3270 mq, adatta per hub di ricarica ad alta intensità) | Ottima accessibilità riscontrata: ss | Irraggiamento solare eccellente (1537 kWh/kWp/anno) | Caratteristiche rilevate: piazzale, zona industriale | Prezzo elevato (382.3 €/mq, possibile fabbricato incluso)",,40.9448,9.5089,portal_map,Agenzia Immobiliare Domus Aurea Del Geometra Valer,2026-10-01 14:30:29,https://www.subito.it/uffici-locali-commerciali/immobile-di-1382-m²-a-olbia-gallura-658700565.htm
70.0,BUONO,Immobile in asta di 15937 m² a Pula,Pula,Cagliari,Sardegna,15937.0,37170.0,2.3,Vendita,Terreni e rustici,500.0,720000.0,1440.0,1840.0,ss,piazzale,"Superficie molto estesa (15937 mq, richiede frazionamento/sviluppo ampio) | Ottima accessibilità riscontrata: ss | Ottimo rendimento solare (1440 kWh/kWp/anno) | Caratteristiche rilevate: piazzale | Prezzo molto competitivo (2.3 €/mq)",,38.9998,8.99175,portal_map,Aste Florio,2026-09-28 18:04:06,https://www.subito.it/terreni-e-rustici/immobile-in-asta-di-15937-m²-a-pula-cagliari-662503100.htm
70.0,BUONO,Terrenono ricettivo/commerciale progetto approv,Magliano Sabina,Rieti,Lazio,5122.0,,,Vendita,Terreni e rustici,315.2,422368.0,1340.0,1710.0,"visibilità, casello, ss",,"Grande area (5122 mq, adatta per hub di ricarica ad alta intensità) | Ottima accessibilità riscontrata: visibilità, casello, ss | Buon rendimento solare (1340 kWh/kWp/anno) | Stato del lotto da verificare (pavimentazione/recinzione) | Prezzo/canone riservato o non specificato","SS3, 64, 02046 Magliano Sabina RI, Italia",42.3735064,12.4712991,portal_map,Nazzareno,2026-10-01 12:15:32,https://www.subito.it/terreni-e-rustici/terrenono-ricettivo-commerciale-progetto-approv-rieti-509197609.htm
70.0,BUONO,Rustico / Casale di 75 m² con 2 locali a Trecastag,Trecastagni,Catania,Sicilia,350.0,800.0,2.3,Affitto,Terreni e rustici,21.5,32895.0,1530.0,1960.0,,piazzale,"Hub cittadino/commerciale (350 mq, ottimo per 4-6 stalli e pensilina 30-70 kWp) | Accessibilità viaria standard da verificare da mappa | Irraggiamento solare eccellente (1530 kWh/kWp/anno) | Caratteristiche rilevate: piazzale | Canone di mercato (2.29 €/mq/mese)",,37.6103,15.0813,portal_map,MONTI immobiliare di Orazio Marco Siscaro,2026-10-01 11:12:42,https://www.subito.it/terreni-e-rustici/rustico-casale-di-75-m²-con-2-locali-a-trecastag-catania-662845374.htm
70.0,BUONO,Piazzale per commercianti,Foggia,Foggia,Puglia,1000.0,,,Affitto,Terreni e rustici,61.5,88560.0,1440.0,1840.0,,"piazzale, recintato","Superficie ottimale (1000 mq, ideale per hub 6-12 stalli e pensiline FV 70-150 kWp) | Accessibilità viaria standard da verificare da mappa | Ottimo rendimento solare (1440 kWh/kWp/anno) | Caratteristiche rilevate: piazzale, recintato | Prezzo/canone riservato o non specificato",,41.4620482,15.5432595,offline_istat,Egidio,2026-09-04 20:47:27,https://www.subito.it/terreni-e-rustici/piazzale-per-commercianti-foggia-659553300.htm
70.0,BUONO,Terreno di 500 m² a San Felice a Cancello,San Felice a Cancello,Caserta,Campania,3000.0,,,Affitto,Terreni e rustici,184.6,265824.0,1440.0,1840.0,ss,"piazzale, cancello","Grande area (3000 mq, adatta per hub di ricarica ad alta intensità) | Ottima accessibilità riscontrata: ss | Ottimo rendimento solare (1440 kWh/kWp/anno) | Caratteristiche rilevate: piazzale, cancello | Prezzo/canone riservato o non specificato",,40.994,14.4207,portal_map,DimensioneKasa,2026-08-28 22:59:00,https://www.subito.it/terreni-e-rustici/terreno-di-500-m²-a-san-felice-a-cancello-caserta-658711081.htm
70.0,BUONO,Terreno di 8500 m² a Palermo,Palermo,Palermo,Sicilia,8500.0,2300.0,0.3,Affitto,Terreni e rustici,500.0,765000.0,1530.0,1960.0,ss,recintato,"Superficie molto estesa (8500 mq, richiede frazionamento/sviluppo ampio) | Ottima accessibilità riscontrata: ss | Irraggiamento solare eccellente (1530 kWh/kWp/anno) | Caratteristiche rilevate: recintato | Canone di locazione vantaggioso (0.27 €/mq/mese)",,38.1831,13.3041,portal_map,Cajozzo Re,2026-09-26 12:10:13,https://www.subito.it/terreni-e-rustici/terreno-di-8500-m²-a-palermo-palermo-662215893.htm
69.0,BUONO,TERRENO A SANT'ANASTASIA,Sant'Anastasia,Napoli,Campania,593.0,83.0,0.1,Affitto,Terreni e rustici,36.5,52560.0,1440.0,1840.0,ss,cancello,"Hub cittadino/commerciale (593 mq, ottimo per 4-6 stalli e pensilina 30-70 kWp) | Ottima accessibilità riscontrata: ss | Ottimo rendimento solare (1440 kWh/kWp/anno) | Caratteristiche rilevate: cancello | Canone di locazione vantaggioso (0.14 €/mq/mese)",,40.8697251,14.3891442,portal_map,SVILUPPO IMPRESA srl,2026-09-16 02:51:26,https://www.subito.it/terreni-e-rustici/terreno-a-sant-anastasia-napoli-660886133.htm
69.0,BUONO,TERRENO A FIGLINE E INCISA VALDARNO,Figline e Incisa Valdarno,Firenze,Toscana,7500.0,500.0,0.1,Affitto,Terreni e rustici,461.5,581490.0,1260.0,1610.0,"visibilità, ss",,"Grande area (7500 mq, adatta per hub di ricarica ad alta intensità) | Ottima accessibilità riscontrata: visibilità, ss | Buon rendimento solare (1260 kWh/kWp/anno) | Stato del lotto da verificare (pavimentazione/recinzione) | Canone di locazione vantaggioso (0.07 €/mq/mese)",,43.5899302311,11.5029578889,portal_map,IMPRESA VALDARNO srl,2026-07-23 03:50:36,https://www.subito.it/terreni-e-rustici/terreno-a-figline-e-incisa-valdarno-firenze-655031451.htm
69.0,BUONO,CARINI/BIVIO FORESTA: TERRENO AGRICOLO MQ 3600,Carini,Palermo,Sicilia,3600.0,1600.0,0.4,Affitto,Terreni e rustici,221.5,338895.0,1530.0,1960.0,ss,,"Grande area (3600 mq, adatta per hub di ricarica ad alta intensità) | Ottima accessibilità riscontrata: ss | Irraggiamento solare eccellente (1530 kWh/kWp/anno) | Stato del lotto da verificare (pavimentazione/recinzione) | Canone di locazione vantaggioso (0.44 €/mq/mese)",,38.174247,13.141109,portal_map,Sovrano Immobiliare,2026-07-27 17:18:41,https://www.subito.it/terreni-e-rustici/carini-bivio-foresta-terreno-agricolo-mq-3600-palermo-655507477.htm
69.0,BUONO,Terreno Agricolo con casetta agricola Milazzo,San Filippo del Mela,Messina,Sicilia,3000.0,400.0,0.1,Affitto,Terreni e rustici,184.6,282438.0,1530.0,1960.0,ss,,"Grande area (3000 mq, adatta per hub di ricarica ad alta intensità) | Ottima accessibilità riscontrata: ss | Irraggiamento solare eccellente (1530 kWh/kWp/anno) | Stato del lotto da verificare (pavimentazione/recinzione) | Canone di locazione vantaggioso (0.13 €/mq/mese)","Contrada S. Domenico, 98044 San Filippo del Mela ME, Italia",38.19081935574237,15.276912572117828,portal_map,Gabriella,2026-08-13 08:53:47,https://www.subito.it/terreni-e-rustici/terreno-agricolo-con-casetta-agricola-milazzo-messina-657141737.htm
69.0,BUONO,Terreno per area parcheggio,Casoria,Napoli,Campania,400.0,1200.0,3.0,Affitto,Terreni e rustici,24.6,35424.0,1440.0,1840.0,ss,"asfaltato, recintato, zona industriale","Hub cittadino/commerciale (400 mq, ottimo per 4-6 stalli e pensilina 30-70 kWp) | Ottima accessibilità riscontrata: ss | Ottimo rendimento solare (1440 kWh/kWp/anno) | Caratteristiche rilevate: asfaltato, recintato, zona industriale | Canone elevato (3.00 €/mq/mese)","Via Circumvallazione Esterna, Casoria NA, Italia",40.8962566,14.2978438,portal_map,MOLARO & PARTNERS S_r_l_,2026-09-10 11:28:29,https://www.subito.it/terreni-e-rustici/terreno-per-area-parcheggio-napoli-660194094.htm
69.0,BUONO,Terreno Edificabile - Grammichele,Grammichele,Catania,Sicilia,2000.0,140000.0,70.0,Vendita,Terreni e rustici,123.1,188343.0,1530.0,1960.0,ss,,"Superficie ottimale (2000 mq, ideale per hub 6-12 stalli e pensiline FV 70-150 kWp) | Ottima accessibilità riscontrata: ss | Irraggiamento solare eccellente (1530 kWh/kWp/anno) | Stato del lotto da verificare (pavimentazione/recinzione) | Prezzo congruo di mercato (70.0 €/mq)",,37.2126529,14.6246096,portal_map,RE MAX Platinum,2026-10-01 11:58:33,https://www.subito.it/terreni-e-rustici/terreno-edificabile-grammichele-catania-649459849.htm
69.0,BUONO,Terreno - Monreale,Monreale,Palermo,Sicilia,4000.0,590.0,0.1,Affitto,Terreni e rustici,246.2,376686.0,1530.0,1960.0,ss,,"Grande area (4000 mq, adatta per hub di ricarica ad alta intensità) | Ottima accessibilità riscontrata: ss | Irraggiamento solare eccellente (1530 kWh/kWp/anno) | Stato del lotto da verificare (pavimentazione/recinzione) | Canone di locazione vantaggioso (0.15 €/mq/mese)",,38.0684745,13.2959535,portal_map,RE MAX Platinum 9,2026-09-26 18:28:24,https://www.subito.it/terreni-e-rustici/terreno-monreale-palermo-649734854.htm
69.0,BUONO,Terreno fronte strada Torremaggiore San Severo,San Severo,Foggia,Puglia,20000.0,180000.0,9.0,Vendita,Terreni e rustici,500.0,670000.0,1340.0,1710.0,"fronte strada, ss",,"Superficie molto estesa (20000 mq, richiede frazionamento/sviluppo ampio) | Ottima accessibilità riscontrata: fronte strada, ss | Buon rendimento solare (1340 kWh/kWp/anno) | Stato del lotto da verificare (pavimentazione/recinzione) | Prezzo molto competitivo (9.0 €/mq)",,41.6897761,15.3776211,offline_istat,,2026-10-01 13:05:06,https://www.subito.it/terreni-e-rustici/terreno-fronte-strada-torremaggiore-san-severo-foggia-662863980.htm
69.0,BUONO,Terreno - San Giovanni la Punta,San Giovanni la Punta,Catania,Sicilia,2500.0,130000.0,52.0,Vendita,Terreni e rustici,153.8,235314.0,1530.0,1960.0,ss,,"Superficie ottimale (2500 mq, ideale per hub 6-12 stalli e pensiline FV 70-150 kWp) | Ottima accessibilità riscontrata: ss | Irraggiamento solare eccellente (1530 kWh/kWp/anno) | Stato del lotto da verificare (pavimentazione/recinzione) | Prezzo congruo di mercato (52.0 €/mq)",,37.5865081,15.0830412,portal_map,RE MAX Platinum,2026-10-01 14:29:58,https://www.subito.it/terreni-e-rustici/terreno-san-giovanni-la-punta-catania-651830939.htm
69.0,BUONO,terreni edificabili,Calvi Risorta,Caserta,Campania,5000.0,,,Vendita,Terreni e rustici,307.7,443088.0,1440.0,1840.0,"fronte strada, ss",,"Grande area (5000 mq, adatta per hub di ricarica ad alta intensità) | Ottima accessibilità riscontrata: fronte strada, ss | Ottimo rendimento solare (1440 kWh/kWp/anno) | Stato del lotto da verificare (pavimentazione/recinzione) | Prezzo/canone riservato o non specificato",,41.216538,14.1287306,offline_istat,,2026-10-01 12:31:25,https://www.subito.it/terreni-e-rustici/terreni-edificabili-caserta-657999915.htm
69.0,BUONO,Rustico/Casale/Corte Ostuni [Cod. rif 3338993ACG],Ostuni,Brindisi,Puglia,400.0,3500.0,8.8,Affitto,Terreni e rustici,24.6,35424.0,1440.0,1840.0,ss,"piazzale, zona artigianale","Hub cittadino/commerciale (400 mq, ottimo per 4-6 stalli e pensilina 30-70 kWp) | Ottima accessibilità riscontrata: ss | Ottimo rendimento solare (1440 kWh/kWp/anno) | Caratteristiche rilevate: piazzale, zona artigianale | Canone elevato (8.75 €/mq/mese)",,40.7215613,17.6001785,portal_map,Ostuni,2026-09-16 13:54:16,https://www.subito.it/terreni-e-rustici/rustico-casale-corte-ostuni-cod-rif-3338993acg-brindisi-660950668.htm
68.0,BUONO,Sruttura ricettiva con 19 monovani San Gregorio,San Gregorio di Catania,Catania,Sicilia,500.0,5800.0,11.6,Affitto,Uffici e Locali commerciali,30.8,47124.0,1530.0,1960.0,"autostrada, ss",,"Hub cittadino/commerciale (500 mq, ottimo per 4-6 stalli e pensilina 30-70 kWp) | Ottima accessibilità riscontrata: autostrada, ss | Irraggiamento solare eccellente (1530 kWh/kWp/anno) | Stato del lotto da verificare (pavimentazione/recinzione) | Canone elevato (11.60 €/mq/mese)",,37.565254,15.111788,offline_istat,Pianeta Casa,2026-10-01 12:33:51,https://www.subito.it/uffici-locali-commerciali/sruttura-ricettiva-con-19-monovani-san-gregorio-catania-662860971.htm
68.0,BUONO,Piazzale deposito recintato autorimessa,Osimo,Ancona,Marche,4500.0,,,Affitto,Terreni e rustici,276.9,371046.0,1340.0,1710.0,ss,"piazzale, recintato, zona industriale","Grande area (4500 mq, adatta per hub di ricarica ad alta intensità) | Ottima accessibilità riscontrata: ss | Buon rendimento solare (1340 kWh/kWp/anno) | Caratteristiche rilevate: piazzale, recintato, zona industriale | Prezzo/canone riservato o non specificato",,43.4861359,13.4824068,offline_istat,autocarrozzeria compagnucci srl,2026-09-26 11:17:43,https://www.subito.it/terreni-e-rustici/piazzale-deposito-recintato-autorimessa-ancona-583771611.htm
68.0,BUONO,Terreno Edificabile - Catania,Catania,Catania,Sicilia,40000.0,1075000.0,26.9,Vendita,Terreni e rustici,500.0,765000.0,1530.0,1960.0,ss,pozzo,"Superficie molto estesa (40000 mq, richiede frazionamento/sviluppo ampio) | Ottima accessibilità riscontrata: ss | Irraggiamento solare eccellente (1530 kWh/kWp/anno) | Caratteristiche rilevate: pozzo | Prezzo molto competitivo (26.9 €/mq)",,37.4442791,15.0767095,portal_map,RE MAX Platinum,2026-10-01 11:58:27,https://www.subito.it/terreni-e-rustici/terreno-edificabile-catania-catania-659056831.htm
68.0,BUONO,Centro raccolta rottami provincia di Verona,Zevio,Verona,Veneto,2500.0,200000.0,80.0,Vendita,Terreni e rustici,153.8,183022.0,1190.0,1520.0,ss,piazzale,"Superficie ottimale (2500 mq, ideale per hub 6-12 stalli e pensiline FV 70-150 kWp) | Ottima accessibilità riscontrata: ss | Rendimento solare moderato Nord Italia (1190 kWh/kWp/anno) | Caratteristiche rilevate: piazzale | Prezzo congruo di mercato (80.0 €/mq)",,45.3751312,11.1358815,offline_istat,,2026-09-27 14:19:50,https://www.subito.it/terreni-e-rustici/centro-raccolta-rottami-provincia-di-verona-verona-662336103.htm
68.0,BUONO,DEPOSITO 120MQ+500MQ di Spazio Esterno FL372,Marano di Napoli,Napoli,Campania,500.0,1200.0,2.4,Affitto,Uffici e Locali commerciali,30.8,44352.0,1440.0,1840.0,"ss, accesso carrabile",,"Hub cittadino/commerciale (500 mq, ottimo per 4-6 stalli e pensilina 30-70 kWp) | Ottima accessibilità riscontrata: ss, accesso carrabile | Ottimo rendimento solare (1440 kWh/kWp/anno) | Stato del lotto da verificare (pavimentazione/recinzione) | Canone di mercato (2.40 €/mq/mese)",,40.89761,14.190528,offline_istat,Mario Immobiliare FRANTO Giugliano,2026-10-01 14:12:29,https://www.subito.it/uffici-locali-commerciali/deposito-120mq-500mq-di-spazio-esterno-fl372-napoli-647935667.htm
68.0,BUONO,Locale laboratorio artigianale/deposito/uffici,Cagliari,Cagliari,Sardegna,500.0,1300.0,2.6,Affitto,Uffici e Locali commerciali,30.8,48359.0,1570.1,2005.0,ss,piazzale,"Hub cittadino/commerciale (500 mq, ottimo per 4-6 stalli e pensilina 30-70 kWp) | Ottima accessibilità riscontrata: ss | Irraggiamento solare eccellente (1570 kWh/kWp/anno) | Caratteristiche rilevate: piazzale | Canone elevato (2.60 €/mq/mese)",,39.2171994,9.113311,offline_istat,antonio montalbano,2026-10-01 09:53:10,https://www.subito.it/uffici-locali-commerciali/locale-laboratorio-artigianale-deposito-uffici-cagliari-654164898.htm
68.0,BUONO,Ufficio a10 ristrutturatissimo Piazzale Flaminio,Roma,Roma,Lazio,120.0,3800.0,31.7,Affitto,Uffici e Locali commerciali,7.4,11079.0,1497.1,1915.2,"visibilità, ss",piazzale,"Micro-hub compatto (120 mq, ideale per 2-4 stalli fast e pensilina 15-30 kWp) | Ottima accessibilità riscontrata: visibilità, ss | Irraggiamento solare eccellente (1497 kWh/kWp/anno) | Caratteristiche rilevate: piazzale | Canone elevato (31.67 €/mq/mese)","Via Flaminia, 19, 00196 Roma RM, Italia",41.91222163186598,12.475655649737533,portal_map,Carmen,2026-10-01 10:57:34,https://www.subito.it/uffici-locali-commerciali/ufficio-a10-ristrutturatissimo-piazzale-flaminio-roma-662846174.htm
68.0,BUONO,Capannone a cazzago,Pianiga,Venezia,Veneto,700.0,3400.0,4.9,Affitto,Uffici e Locali commerciali,43.1,58646.0,1360.7,1736.8,ss,piazzale,"Superficie ottimale (700 mq, ideale per hub 6-12 stalli e pensiline FV 70-150 kWp) | Ottima accessibilità riscontrata: ss | Ottimo rendimento solare (1361 kWh/kWp/anno) | Caratteristiche rilevate: piazzale | Canone elevato (4.86 €/mq/mese)","Pianiga VE, Italia",45.45609200000001,12.0304603,portal_map,Gambaro Intermediazioni Commerciali,2026-10-01 12:15:53,https://www.subito.it/uffici-locali-commerciali/capannone-a-cazzago-venezia-661093087.htm
68.0,BUONO,Attività commerciale redditizia,Soleto,Lecce,Puglia,7000.0,,,Vendita,Uffici e Locali commerciali,430.8,620352.0,1440.0,1840.0,ss,"zona industriale, pozzo","Grande area (7000 mq, adatta per hub di ricarica ad alta intensità) | Ottima accessibilità riscontrata: ss | Ottimo rendimento solare (1440 kWh/kWp/anno) | Caratteristiche rilevate: zona industriale, pozzo | Prezzo/canone riservato o non specificato",,40.1877075,18.2073718,offline_istat,,2026-10-01 08:07:10,https://www.subito.it/uffici-locali-commerciali/attivita-commerciale-redditizia-lecce-657265074.htm
68.0,BUONO,"Villa Storica ""Villa Ligà""commerciale ristorazione",Furnari,Messina,Sicilia,4500.0,,,Vendita,Uffici e Locali commerciali,276.9,423657.0,1530.0,1960.0,"visibilità, ss",,"Grande area (4500 mq, adatta per hub di ricarica ad alta intensità) | Ottima accessibilità riscontrata: visibilità, ss | Irraggiamento solare eccellente (1530 kWh/kWp/anno) | Stato del lotto da verificare (pavimentazione/recinzione) | Prezzo/canone riservato o non specificato","Via Prestipaolo, 98054 Tonnarella ME, Italia",38.117436630988294,15.12082537288585,portal_map,Sebastiano,2026-10-01 11:43:02,https://www.subito.it/uffici-locali-commerciali/villa-storica-villa-liga-commerciale-ristorazione-messina-515854870.htm
67.0,BUONO,NEGOZIO A MANERBA DEL GARDA,Manerba del Garda,Brescia,Lombardia,1000.0,2340.0,2.3,Affitto,Uffici e Locali commerciali,61.5,73185.0,1190.0,1520.0,"strada statale, ss",,"Superficie ottimale (1000 mq, ideale per hub 6-12 stalli e pensiline FV 70-150 kWp) | Ottima accessibilità riscontrata: strada statale, ss | Rendimento solare moderato Nord Italia (1190 kWh/kWp/anno) | Stato del lotto da verificare (pavimentazione/recinzione) | Canone di mercato (2.34 €/mq/mese)",,45.547324,10.5430861,portal_map,INDUSTRIALE DEL BENACO srl,2026-09-26 02:56:20,https://www.subito.it/uffici-locali-commerciali/negozio-a-manerba-del-garda-brescia-662177037.htm
67.0,BUONO,Terreno di 6000 m² a Medicina,Medicina,Bologna,Emilia-Romagna,6000.0,2000.0,0.3,Affitto,Terreni e rustici,369.2,465192.0,1260.0,1610.0,,piazzale,"Grande area (6000 mq, adatta per hub di ricarica ad alta intensità) | Accessibilità viaria standard da verificare da mappa | Buon rendimento solare (1260 kWh/kWp/anno) | Caratteristiche rilevate: piazzale | Canone di locazione vantaggioso (0.33 €/mq/mese)",,44.4951,11.6243,portal_map,Cristal Immobiliare,2026-08-28 23:37:29,https://www.subito.it/terreni-e-rustici/terreno-di-6000-m²-a-medicina-bologna-658719632.htm
67.0,BUONO,Capannone con piazzale,Campomarino,Campobasso,Molise,9000.0,1000.0,0.1,Affitto,Terreni e rustici,500.0,670000.0,1340.0,1710.0,ss,piazzale,"Superficie molto estesa (9000 mq, richiede frazionamento/sviluppo ampio) | Ottima accessibilità riscontrata: ss | Buon rendimento solare (1340 kWh/kWp/anno) | Caratteristiche rilevate: piazzale | Canone di locazione vantaggioso (0.11 €/mq/mese)","Contrada Buccaro, 13, 86042 Campomarino CB, Italia",41.9292563,15.007666,portal_map,Ciro Scavolo,2026-09-14 20:14:50,https://www.subito.it/terreni-e-rustici/capannone-con-piazzale-campobasso-658771264.htm
67.0,BUONO,Terreno a Postiglione,Postiglione,Salerno,Campania,3820.0,,,Vendita,Terreni e rustici,235.1,338544.0,1440.0,1840.0,ss,piazzale,"Grande area (3820 mq, adatta per hub di ricarica ad alta intensità) | Ottima accessibilità riscontrata: ss | Ottimo rendimento solare (1440 kWh/kWp/anno) | Caratteristiche rilevate: piazzale | Prezzo/canone riservato o non specificato","84026 Postiglione SA, Italia",40.54987952087443,15.220287360059057,portal_map,Forty,2026-09-28 10:41:48,https://www.subito.it/terreni-e-rustici/terreno-a-postiglione-salerno-662423125.htm
67.0,BUONO,NEGOZIO A BAGNOLO SAN VITO,Bagnolo San Vito,Mantova,Lombardia,135.0,950.0,7.0,Affitto,Uffici e Locali commerciali,8.3,9877.0,1190.0,1520.0,"casello, autostrada, ss",zona industriale,"Micro-hub compatto (135 mq, ideale per 2-4 stalli fast e pensilina 15-30 kWp) | Ottima accessibilità riscontrata: casello, autostrada, ss | Rendimento solare moderato Nord Italia (1190 kWh/kWp/anno) | Caratteristiche rilevate: zona industriale | Canone elevato (7.04 €/mq/mese)",,45.1017319,10.8397846,portal_map,TECNO VIRGILIO srl,2026-09-22 02:53:34,https://www.subito.it/uffici-locali-commerciali/negozio-a-bagnolo-san-vito-mantova-661628450.htm
67.0,BUONO,CC13 - Sinalunga capannone di mq 3000 con,Sinalunga,Siena,Toscana,5000.0,325000.0,65.0,Vendita,Uffici e Locali commerciali,307.7,428749.0,1393.4,1782.2,,piazzale,"Grande area (5000 mq, adatta per hub di ricarica ad alta intensità) | Accessibilità viaria standard da verificare da mappa | Ottimo rendimento solare (1393 kWh/kWp/anno) | Caratteristiche rilevate: piazzale | Prezzo congruo di mercato (65.0 €/mq)",,43.2048630036,11.7437821719,portal_map,Immobiliare Rappuoli srl,2026-10-01 01:45:35,https://www.subito.it/uffici-locali-commerciali/cc13-sinalunga-capannone-di-mq-3000-con-siena-658725527.htm
67.0,BUONO,CAPANNONE ARTIGIANALE CON PIAZZALE,Silvi,Teramo,Abruzzo,1536.0,5000.0,3.3,Affitto,Uffici e Locali commerciali,94.5,137384.0,1453.8,1864.7,,piazzale,"Superficie ottimale (1536 mq, ideale per hub 6-12 stalli e pensiline FV 70-150 kWp) | Accessibilità viaria standard da verificare da mappa | Irraggiamento solare eccellente (1454 kWh/kWp/anno) | Caratteristiche rilevate: piazzale | Canone elevato (3.26 €/mq/mese)",,42.53426,14.13083,portal_map,Massimo PINCIOTTI,2026-10-01 13:20:39,https://www.subito.it/uffici-locali-commerciali/capannone-artigianale-con-piazzale-teramo-631173936.htm
67.0,BUONO,CC81 - Sinalunga capannone ad uso industri,Sinalunga,Siena,Toscana,509.0,315000.0,618.9,Vendita,Uffici e Locali commerciali,31.3,43613.0,1393.4,1782.2,ss,"piazzale, recintato, pozzo, cancello","Hub cittadino/commerciale (509 mq, ottimo per 4-6 stalli e pensilina 30-70 kWp) | Ottima accessibilità riscontrata: ss | Ottimo rendimento solare (1393 kWh/kWp/anno) | Caratteristiche rilevate: piazzale, recintato, pozzo | Prezzo elevato (618.9 €/mq, possibile fabbricato incluso)",,43.2123108,11.7365014,portal_map,Immobiliare Rappuoli srl,2026-10-01 01:45:29,https://www.subito.it/uffici-locali-commerciali/cc81-sinalunga-capannone-ad-uso-industri-siena-654380303.htm
67.0,BUONO,CC15 - Trequanda capannone di mq 4000,Trequanda,Siena,Toscana,4000.0,440000.0,110.0,Vendita,Uffici e Locali commerciali,246.2,340027.0,1381.1,1766.8,,piazzale,"Grande area (4000 mq, adatta per hub di ricarica ad alta intensità) | Accessibilità viaria standard da verificare da mappa | Ottimo rendimento solare (1381 kWh/kWp/anno) | Caratteristiche rilevate: piazzale | Prezzo congruo di mercato (110.0 €/mq)",,43.1403041,11.6868224,portal_map,Immobiliare Rappuoli srl,2026-10-01 01:45:36,https://www.subito.it/uffici-locali-commerciali/cc15-trequanda-capannone-di-mq-4000-siena-660757942.htm
67.0,BUONO,Nuova costruzione-77mq con piazzale-zona Vazzieri,Campobasso,Campobasso,Molise,185.0,249000.0,1345.9,Vendita,Uffici e Locali commerciali,11.4,15836.0,1389.1,1771.6,"fronte strada, ss",piazzale,"Micro-hub compatto (185 mq, ideale per 2-4 stalli fast e pensilina 15-30 kWp) | Ottima accessibilità riscontrata: fronte strada, ss | Ottimo rendimento solare (1389 kWh/kWp/anno) | Caratteristiche rilevate: piazzale | Prezzo elevato (1345.9 €/mq, possibile fabbricato incluso)",,41.5597935,14.6602725,offline_istat,subito casa,2026-10-01 14:12:32,https://www.subito.it/uffici-locali-commerciali/nuova-costruzione-77mq-con-piazzale-zona-vazzieri-campobasso-494942076.htm
66.0,BUONO,Terreno di 6740 m² a Simeri Crichi,Simeri Crichi,Catanzaro,Calabria,6740.0,175000.0,26.0,Vendita,Terreni e rustici,414.8,597312.0,1440.0,1840.0,ss,,"Grande area (6740 mq, adatta per hub di ricarica ad alta intensità) | Ottima accessibilità riscontrata: ss | Ottimo rendimento solare (1440 kWh/kWp/anno) | Stato del lotto da verificare (pavimentazione/recinzione) | Prezzo molto competitivo (26.0 €/mq)",,38.871,16.6912,portal_map,RockAgent,2026-10-01 10:42:48,https://www.subito.it/terreni-e-rustici/terreno-di-6740-m²-a-simeri-crichi-catanzaro-662845104.htm
66.0,BUONO,Soccavo Via Paolo Grimaldi Rif.106TF,Napoli,Napoli,Campania,2000.0,3000.0,1.5,Affitto,Terreni e rustici,123.1,177264.0,1440.0,1840.0,ss,,"Superficie ottimale (2000 mq, ideale per hub 6-12 stalli e pensiline FV 70-150 kWp) | Ottima accessibilità riscontrata: ss | Ottimo rendimento solare (1440 kWh/kWp/anno) | Stato del lotto da verificare (pavimentazione/recinzione) | Canone di mercato (1.50 €/mq/mese)","Via Paolo Grimaldi, 80126 Napoli NA, Italia",40.8482822,14.2005651,portal_map,Lucchese Immobiliare,2026-09-16 13:28:16,https://www.subito.it/terreni-e-rustici/soccavo-via-paolo-grimaldi-rif-106tf-napoli-660945905.htm
66.0,BUONO,Terreno+magazzino,Fabrica di Roma,Viterbo,Lazio,3000.0,250.0,0.1,Affitto,Terreni e rustici,184.6,247364.0,1340.0,1710.0,ss,pozzo,"Grande area (3000 mq, adatta per hub di ricarica ad alta intensità) | Ottima accessibilità riscontrata: ss | Buon rendimento solare (1340 kWh/kWp/anno) | Caratteristiche rilevate: pozzo | Canone di locazione vantaggioso (0.08 €/mq/mese)",,42.335126,12.299767,offline_istat,Faby,2026-07-18 13:58:53,https://www.subito.it/terreni-e-rustici/terreno-magazzino-viterbo-654538032.htm
66.0,BUONO,Terreno di 500 m² a Arzano,Arzano,Napoli,Campania,500.0,1750.0,3.5,Affitto,Terreni e rustici,30.8,44352.0,1440.0,1840.0,ss,"asfaltato, cancello","Hub cittadino/commerciale (500 mq, ottimo per 4-6 stalli e pensilina 30-70 kWp) | Ottima accessibilità riscontrata: ss | Ottimo rendimento solare (1440 kWh/kWp/anno) | Caratteristiche rilevate: asfaltato, cancello | Canone elevato (3.50 €/mq/mese)",,40.9118,14.257,portal_map,Andromeda Immobiliare,2026-08-28 23:26:14,https://www.subito.it/terreni-e-rustici/terreno-di-500-m²-a-arzano-napoli-658716714.htm
66.0,BUONO,TERRENO A FIGLINE E INCISA VALDARNO,Figline e Incisa Valdarno,Firenze,Toscana,3000.0,3000.0,1.0,Affitto,Terreni e rustici,184.6,232596.0,1260.0,1610.0,ss,cancello,"Grande area (3000 mq, adatta per hub di ricarica ad alta intensità) | Ottima accessibilità riscontrata: ss | Buon rendimento solare (1260 kWh/kWp/anno) | Caratteristiche rilevate: cancello | Canone di locazione vantaggioso (1.00 €/mq/mese)",,43.635843245,11.4570016326,portal_map,IMPRESA VALDARNO srl,2026-09-22 02:53:33,https://www.subito.it/terreni-e-rustici/terreno-a-figline-e-incisa-valdarno-firenze-661628433.htm
66.0,BUONO,Terreno a San Bonifacio (VR),San Bonifacio,Verona,Veneto,4900.0,,,Vendita,Terreni e rustici,301.5,358785.0,1190.0,1520.0,"autostrada, ss",zona artigianale,"Grande area (4900 mq, adatta per hub di ricarica ad alta intensità) | Ottima accessibilità riscontrata: autostrada, ss | Rendimento solare moderato Nord Italia (1190 kWh/kWp/anno) | Caratteristiche rilevate: zona artigianale | Prezzo/canone riservato o non specificato",,45.3953713,11.2742002,portal_map,Immobiliare Piasente,2026-10-01 01:33:00,https://www.subito.it/terreni-e-rustici/terreno-a-san-bonifacio-vr-verona-654014596.htm
66.0,BUONO,Immobile in asta di 2125 m² a Reggiolo,Reggiolo,Reggio Emilia,Emilia-Romagna,2125.0,96990.0,45.6,Vendita,Terreni e rustici,130.8,164808.0,1260.0,1610.0,ss,,"Superficie ottimale (2125 mq, ideale per hub 6-12 stalli e pensiline FV 70-150 kWp) | Ottima accessibilità riscontrata: ss | Buon rendimento solare (1260 kWh/kWp/anno) | Stato del lotto da verificare (pavimentazione/recinzione) | Prezzo molto competitivo (45.6 €/mq)",,44.9214,10.8129,portal_map,Aste Florio,2026-10-01 10:42:57,https://www.subito.it/terreni-e-rustici/immobile-in-asta-di-2125-m²-a-reggiolo-reggio-emilia-662845627.htm
66.0,BUONO,Due appezzamenti di terreno attigui situati nel Co,Piombino,Livorno,Toscana,430.0,16500.0,38.4,Vendita,Terreni e rustici,26.5,35510.0,1340.0,1710.0,ss,cancello,"Hub cittadino/commerciale (430 mq, ottimo per 4-6 stalli e pensilina 30-70 kWp) | Ottima accessibilità riscontrata: ss | Buon rendimento solare (1340 kWh/kWp/anno) | Caratteristiche rilevate: cancello | Prezzo molto competitivo (38.4 €/mq)","Via Isonzo, 22/A, 57025 Piombino LI, Italia",42.9693343,10.5468742,portal_map,Rete Aste,2026-10-01 12:31:02,https://www.subito.it/terreni-e-rustici/due-appezzamenti-di-terreno-attigui-situati-nel-co-livorno-651119803.htm
66.0,BUONO,Immobile in asta di 980 m² a Recanati,Recanati,Macerata,Marche,980.0,27440.0,28.0,Vendita,Terreni e rustici,60.3,80802.0,1340.0,1710.0,ss,,"Superficie ottimale (980 mq, ideale per hub 6-12 stalli e pensiline FV 70-150 kWp) | Ottima accessibilità riscontrata: ss | Buon rendimento solare (1340 kWh/kWp/anno) | Stato del lotto da verificare (pavimentazione/recinzione) | Prezzo molto competitivo (28.0 €/mq)",,43.4076,13.5497,portal_map,Aste Florio,2026-10-01 10:42:29,https://www.subito.it/terreni-e-rustici/immobile-in-asta-di-980-m²-a-recanati-macerata-662845004.htm
66.0,BUONO,Immobile in asta di 1944 m² a Tito,Tito,Potenza,Basilicata,5000.0,11210.0,2.2,Vendita,Terreni e rustici,307.7,443088.0,1440.0,1840.0,ss,,"Grande area (5000 mq, adatta per hub di ricarica ad alta intensità) | Ottima accessibilità riscontrata: ss | Ottimo rendimento solare (1440 kWh/kWp/anno) | Stato del lotto da verificare (pavimentazione/recinzione) | Prezzo molto competitivo (2.2 €/mq)",,40.6035,15.6976,portal_map,Aste Florio,2026-10-01 10:42:38,https://www.subito.it/terreni-e-rustici/immobile-in-asta-di-1944-m²-a-tito-potenza-662845171.htm
66.0,BUONO,Ampio locale commerciale L/20,Palermo,Palermo,Sicilia,131.0,167000.0,1274.8,Vendita,Uffici e Locali commerciali,8.1,12393.0,1530.0,1960.0,"visibilità, ss",piazzale,"Micro-hub compatto (131 mq, ideale per 2-4 stalli fast e pensilina 15-30 kWp) | Ottima accessibilità riscontrata: visibilità, ss | Irraggiamento solare eccellente (1530 kWh/kWp/anno) | Caratteristiche rilevate: piazzale | Prezzo elevato (1274.8 €/mq, possibile fabbricato incluso)","Via Pignatelli Aragona, 66, 90141 Palermo PA, Italia",38.1209498,13.3553321,portal_map,Gabetti Bagheria - Palermo- Cefalu' - Buttitta,2026-10-01 12:01:06,https://www.subito.it/uffici-locali-commerciali/ampio-locale-commerciale-l-20-palermo-662856204.htm
66.0,BUONO,Capannone industriale Pomezia,Pomezia,Roma,Lazio,2700.0,,,Affitto,Uffici e Locali commerciali,166.2,255067.0,1534.7,1960.5,,piazzale,"Grande area (2700 mq, adatta per hub di ricarica ad alta intensità) | Accessibilità viaria standard da verificare da mappa | Irraggiamento solare eccellente (1535 kWh/kWp/anno) | Caratteristiche rilevate: piazzale | Prezzo/canone riservato o non specificato",,41.667529,12.5047863,offline_istat,,2026-09-30 15:07:19,https://www.subito.it/uffici-locali-commerciali/capannone-industriale-pomezia-roma-662750969.htm
66.0,BUONO,Locale commerciale con terreno,Carlentini,Siracusa,Sicilia,1800.0,350000.0,194.4,Vendita,Uffici e Locali commerciali,110.8,169524.0,1530.0,1960.0,,recintato,"Superficie ottimale (1800 mq, ideale per hub 6-12 stalli e pensiline FV 70-150 kWp) | Accessibilità viaria standard da verificare da mappa | Irraggiamento solare eccellente (1530 kWh/kWp/anno) | Caratteristiche rilevate: recintato | Prezzo sopra la media (194.4 €/mq)","Via Basilicata, 4, 96013 Carlentini SR, Italia",37.28047129999999,15.0109686,portal_map,Giuseppe,2026-10-01 11:45:09,https://www.subito.it/uffici-locali-commerciali/locale-commerciale-con-terreno-siracusa-662854032.htm
66.0,BUONO,Ampio locale A10 - 337 mq - 4 accessi,Palermo,Palermo,Sicilia,337.0,170000.0,504.5,Vendita,Uffici e Locali commerciali,20.7,31671.0,1530.0,1960.0,ss,piazzale,"Hub cittadino/commerciale (337 mq, ottimo per 4-6 stalli e pensilina 30-70 kWp) | Ottima accessibilità riscontrata: ss | Irraggiamento solare eccellente (1530 kWh/kWp/anno) | Caratteristiche rilevate: piazzale | Prezzo elevato (504.5 €/mq, possibile fabbricato incluso)","Piazzale della Costellazione, 90125 Palermo PA, Italia",38.0931605,13.3616787,portal_map,CASA FACILE di Cosentino Gaetana,2026-10-01 01:58:02,https://www.subito.it/uffici-locali-commerciali/ampio-locale-a10-337-mq-4-accessi-palermo-655929280.htm
66.0,BUONO,CC32 - Sinalunga capannone di mq 1000,Sinalunga,Siena,Toscana,1000.0,1500000.0,1500.0,Vendita,Uffici e Locali commerciali,61.5,85694.0,1393.4,1782.2,ss,piazzale,"Superficie ottimale (1000 mq, ideale per hub 6-12 stalli e pensiline FV 70-150 kWp) | Ottima accessibilità riscontrata: ss | Ottimo rendimento solare (1393 kWh/kWp/anno) | Caratteristiche rilevate: piazzale | Prezzo elevato (1500.0 €/mq, possibile fabbricato incluso)",,43.2123108,11.7365014,portal_map,Immobiliare Rappuoli srl,2026-10-01 01:45:35,https://www.subito.it/uffici-locali-commerciali/cc32-sinalunga-capannone-di-mq-1000-siena-654379795.htm
66.0,BUONO,CC120 - Capannone Commerciale Ristrutturato in Ven,Montepulciano,Siena,Toscana,1000.0,720000.0,720.0,Vendita,Uffici e Locali commerciali,61.5,83874.0,1363.8,1739.5,ss,piazzale,"Superficie ottimale (1000 mq, ideale per hub 6-12 stalli e pensiline FV 70-150 kWp) | Ottima accessibilità riscontrata: ss | Ottimo rendimento solare (1364 kWh/kWp/anno) | Caratteristiche rilevate: piazzale | Prezzo elevato (720.0 €/mq, possibile fabbricato incluso)",,43.092926,11.782389,portal_map,Immobiliare Rappuoli srl,2026-10-01 01:45:31,https://www.subito.it/uffici-locali-commerciali/cc120-capannone-commerciale-ristrutturato-in-ven-siena-654380110.htm
66.0,BUONO,Capannone industriale,Pomezia,Roma,Lazio,2700.0,,,Affitto,Uffici e Locali commerciali,166.2,255067.0,1534.7,1960.5,,piazzale,"Grande area (2700 mq, adatta per hub di ricarica ad alta intensità) | Accessibilità viaria standard da verificare da mappa | Irraggiamento solare eccellente (1535 kWh/kWp/anno) | Caratteristiche rilevate: piazzale | Prezzo/canone riservato o non specificato","Via Vaccareccia, 43/E, 00071 Area Produttiva RM, Italia",41.6847934,12.4743593,portal_map,afedilscavi,2026-09-30 16:26:28,https://www.subito.it/uffici-locali-commerciali/capannone-industriale-roma-662761946.htm
66.0,BUONO,Immobile in asta di 5503 m² a Lizzano,Lizzano,Taranto,Puglia,5503.0,272990.0,49.6,Vendita,Uffici e Locali commerciali,338.6,487584.0,1440.0,1840.0,ss,,"Grande area (5503 mq, adatta per hub di ricarica ad alta intensità) | Ottima accessibilità riscontrata: ss | Ottimo rendimento solare (1440 kWh/kWp/anno) | Stato del lotto da verificare (pavimentazione/recinzione) | Prezzo molto competitivo (49.6 €/mq)",,40.3385,17.4524,portal_map,Aste Florio,2026-10-01 10:42:30,https://www.subito.it/uffici-locali-commerciali/immobile-in-asta-di-5503-m²-a-lizzano-taranto-662844964.htm
66.0,BUONO,Commerciale Altro - Comiso,Comiso,Ragusa,Sicilia,8000.0,700000.0,87.5,Vendita,Uffici e Locali commerciali,492.3,753219.0,1530.0,1960.0,ss,,"Grande area (8000 mq, adatta per hub di ricarica ad alta intensità) | Ottima accessibilità riscontrata: ss | Irraggiamento solare eccellente (1530 kWh/kWp/anno) | Stato del lotto da verificare (pavimentazione/recinzione) | Prezzo congruo di mercato (87.5 €/mq)",,36.9735758,14.5931485,portal_map,REMAX Platinum - Ragusa Via U. La Malfa,2026-10-01 01:45:17,https://www.subito.it/uffici-locali-commerciali/commerciale-altro-comiso-ragusa-660020138.htm
66.0,BUONO,CAPANNONE A GEMMANO,Gemmano,Rimini,Emilia-Romagna,15815.0,140000.0,8.9,Vendita,Uffici e Locali commerciali,500.0,720000.0,1440.0,1840.0,"ss, manovra",,"Superficie molto estesa (15815 mq, richiede frazionamento/sviluppo ampio) | Ottima accessibilità riscontrata: ss, manovra | Ottimo rendimento solare (1440 kWh/kWp/anno) | Stato del lotto da verificare (pavimentazione/recinzione) | Prezzo molto competitivo (8.9 €/mq)",,40.9296611,14.9841861,portal_map,STUDIO SAN GIOVANNI srl,2026-10-01 07:12:49,https://www.subito.it/uffici-locali-commerciali/capannone-a-gemmano-rimini-662819711.htm
66.0,BUONO,TE71 - Sinalunga terreno edificabile ad us,Sinalunga,Siena,Toscana,1200.0,90000.0,75.0,Vendita,Uffici e Locali commerciali,73.8,102833.0,1393.4,1782.2,ss,,"Superficie ottimale (1200 mq, ideale per hub 6-12 stalli e pensiline FV 70-150 kWp) | Ottima accessibilità riscontrata: ss | Ottimo rendimento solare (1393 kWh/kWp/anno) | Stato del lotto da verificare (pavimentazione/recinzione) | Prezzo congruo di mercato (75.0 €/mq)",,43.2123108,11.7365014,portal_map,Immobiliare Rappuoli srl,2026-10-01 01:45:20,https://www.subito.it/uffici-locali-commerciali/te71-sinalunga-terreno-edificabile-ad-us-siena-654380067.htm
65.0,BUONO,Terreno Edificabile - Motta Sant'Anastasia,Motta Sant'Anastasia,Catania,Sicilia,20000.0,75000.0,3.8,Vendita,Terreni e rustici,500.0,765000.0,1530.0,1960.0,ss,,"Superficie molto estesa (20000 mq, richiede frazionamento/sviluppo ampio) | Ottima accessibilità riscontrata: ss | Irraggiamento solare eccellente (1530 kWh/kWp/anno) | Stato del lotto da verificare (pavimentazione/recinzione) | Prezzo molto competitivo (3.8 €/mq)",,37.5141183,14.9638891,portal_map,RE MAX Platinum,2026-10-01 14:29:43,https://www.subito.it/terreni-e-rustici/terreno-edificabile-motta-sant-anastasia-catania-649462676.htm
65.0,BUONO,Locale commererciale ristrutturato a Frosinone,Frosinone,Frosinone,Lazio,163.0,200000.0,1227.0,Vendita,Uffici e Locali commerciali,10.0,14220.0,1422.0,1848.2,"fronte strada, visibilità, casello, autostrada, ss",,"Micro-hub compatto (163 mq, ideale per 2-4 stalli fast e pensilina 15-30 kWp) | Ottima accessibilità riscontrata: fronte strada, visibilità, casello, autostrada | Ottimo rendimento solare (1422 kWh/kWp/anno) | Stato del lotto da verificare (pavimentazione/recinzione) | Prezzo elevato (1227.0 €/mq, possibile fabbricato incluso)",,41.6419807,13.3469287,offline_istat,Rete Aste,2026-10-01 13:37:57,https://www.subito.it/uffici-locali-commerciali/locale-commererciale-ristrutturato-a-frosinone-frosinone-642446383.htm
65.0,BUONO,Luogo,Borgetto,Palermo,Sicilia,2000.0,,,Affitto,Terreni e rustici,123.1,188343.0,1530.0,1960.0,ss,,"Superficie ottimale (2000 mq, ideale per hub 6-12 stalli e pensiline FV 70-150 kWp) | Ottima accessibilità riscontrata: ss | Irraggiamento solare eccellente (1530 kWh/kWp/anno) | Stato del lotto da verificare (pavimentazione/recinzione) | Prezzo/canone riservato o non specificato","Via Don Martino, Borgetto PA, Italia",38.0484048,13.1342143,portal_map,Fedele,2026-09-23 20:41:22,https://www.subito.it/terreni-e-rustici/luogo-palermo-661913793.htm
65.0,BUONO,84 villette + hotel lusso sul mare terreno,Ribera,Agrigento,Sicilia,163000.0,2000000.0,12.3,Vendita,Terreni e rustici,500.0,765000.0,1530.0,1960.0,ss,,"Superficie molto estesa (163000 mq, richiede frazionamento/sviluppo ampio) | Ottima accessibilità riscontrata: ss | Irraggiamento solare eccellente (1530 kWh/kWp/anno) | Stato del lotto da verificare (pavimentazione/recinzione) | Prezzo molto competitivo (12.3 €/mq)","92016 Ribera AG, Italia",37.50310700000001,13.2670633,portal_map,CASA FACILE di Cosentino Gaetana,2026-10-01 01:58:00,https://www.subito.it/terreni-e-rustici/84-villette-hotel-lusso-sul-mare-terreno-agrigento-656360632.htm
65.0,BUONO,"Terreno 24.000 mq lottizzazione 13/26 ( 7.291,60 m",Trabia,Palermo,Sicilia,24000.0,720000.0,30.0,Vendita,Terreni e rustici,500.0,765000.0,1530.0,1960.0,ss,,"Superficie molto estesa (24000 mq, richiede frazionamento/sviluppo ampio) | Ottima accessibilità riscontrata: ss | Irraggiamento solare eccellente (1530 kWh/kWp/anno) | Stato del lotto da verificare (pavimentazione/recinzione) | Prezzo molto competitivo (30.0 €/mq)","90019 Sant'Onofrio PA, Italia",37.9957324,13.6080566,portal_map,CASA FACILE di Cosentino Gaetana,2026-10-01 01:58:01,https://www.subito.it/terreni-e-rustici/terreno-24-000-mq-lottizzazione-13-26-7-291-60-m-palermo-655956035.htm
65.0,BUONO,terreno per parcheggio,Acireale,Catania,Sicilia,1200.0,,,Affitto,Terreni e rustici,73.8,112914.0,1530.0,1960.0,ss,,"Superficie ottimale (1200 mq, ideale per hub 6-12 stalli e pensiline FV 70-150 kWp) | Ottima accessibilità riscontrata: ss | Irraggiamento solare eccellente (1530 kWh/kWp/anno) | Stato del lotto da verificare (pavimentazione/recinzione) | Prezzo/canone riservato o non specificato",,37.6127773,15.1658804,offline_istat,,2026-09-27 21:50:38,https://www.subito.it/terreni-e-rustici/terreno-per-parcheggio-catania-661608729.htm
65.0,BUONO,Pozzallo (RG) terreno edificabile,Pozzallo,Ragusa,Sicilia,9000.0,450000.0,50.0,Vendita,Terreni e rustici,500.0,765000.0,1530.0,1960.0,ss,,"Superficie molto estesa (9000 mq, richiede frazionamento/sviluppo ampio) | Ottima accessibilità riscontrata: ss | Irraggiamento solare eccellente (1530 kWh/kWp/anno) | Stato del lotto da verificare (pavimentazione/recinzione) | Prezzo molto competitivo (50.0 €/mq)","97016 Pozzallo RG, Italia",36.7299146,14.849099,portal_map,CASA FACILE di Cosentino Gaetana,2026-10-01 01:58:01,https://www.subito.it/terreni-e-rustici/pozzallo-rg-terreno-edificabile-ragusa-656360216.htm
65.0,BUONO,Terreno Edificabile - Avola,Avola,Siracusa,Sicilia,12000.0,120000.0,10.0,Vendita,Terreni e rustici,500.0,765000.0,1530.0,1960.0,ss,,"Superficie molto estesa (12000 mq, richiede frazionamento/sviluppo ampio) | Ottima accessibilità riscontrata: ss | Irraggiamento solare eccellente (1530 kWh/kWp/anno) | Stato del lotto da verificare (pavimentazione/recinzione) | Prezzo molto competitivo (10.0 €/mq)",,36.9047455,15.0821885,portal_map,RE MAX Platinum,2026-10-01 12:47:50,https://www.subito.it/terreni-e-rustici/terreno-edificabile-avola-siracusa-657610905.htm
65.0,BUONO,Stabile di prestigio,Grottaglie,Taranto,Puglia,6000.0,,,Vendita,Uffici e Locali commerciali,369.2,531648.0,1440.0,1840.0,"visibilità, ss",,"Grande area (6000 mq, adatta per hub di ricarica ad alta intensità) | Ottima accessibilità riscontrata: visibilità, ss | Ottimo rendimento solare (1440 kWh/kWp/anno) | Stato del lotto da verificare (pavimentazione/recinzione) | Prezzo/canone riservato o non specificato",Via Madonna di Pompei,40.5375086,17.4381066,portal_map,Relive Immobiliare,2026-10-01 13:20:13,https://www.subito.it/uffici-locali-commerciali/stabile-di-prestigio-taranto-661590635.htm
65.0,BUONO,Ufficio Rubano [11491VCU],Rubano,Padova,Veneto,274.0,350000.0,1277.4,Vendita,Uffici e Locali commerciali,16.9,20111.0,1190.0,1520.0,"fronte strada, visibilità, ss",,"Hub cittadino/commerciale (274 mq, ottimo per 4-6 stalli e pensilina 30-70 kWp) | Ottima accessibilità riscontrata: fronte strada, visibilità, ss | Rendimento solare moderato Nord Italia (1190 kWh/kWp/anno) | Stato del lotto da verificare (pavimentazione/recinzione) | Prezzo elevato (1277.4 €/mq, possibile fabbricato incluso)",,45.4243389,11.7959049,portal_map,Rubano,2026-10-01 13:58:03,https://www.subito.it/uffici-locali-commerciali/ufficio-rubano-11491vcu-padova-662874221.htm
65.0,BUONO,Magazzino a Mazara del Vallo,Mazara del Vallo,Trapani,Sicilia,30000.0,250000.0,8.3,Vendita,Uffici e Locali commerciali,500.0,765000.0,1530.0,1960.0,ss,,"Superficie molto estesa (30000 mq, richiede frazionamento/sviluppo ampio) | Ottima accessibilità riscontrata: ss | Irraggiamento solare eccellente (1530 kWh/kWp/anno) | Stato del lotto da verificare (pavimentazione/recinzione) | Prezzo molto competitivo (8.3 €/mq)",,37.67308,12.55825,portal_map,Laguna Blu Mazara,2026-10-01 01:45:13,https://www.subito.it/uffici-locali-commerciali/magazzino-a-mazara-del-vallo-trapani-647186629.htm
64.0,BUONO,TERRENO A CERIGNOLA,Cerignola,Foggia,Puglia,180.0,1400.0,7.8,Affitto,Terreni e rustici,11.1,15984.0,1440.0,1840.0,"visibilità, ss, alto passaggio",,"Micro-hub compatto (180 mq, ideale per 2-4 stalli fast e pensilina 15-30 kWp) | Ottima accessibilità riscontrata: visibilità, ss, alto passaggio | Ottimo rendimento solare (1440 kWh/kWp/anno) | Stato del lotto da verificare (pavimentazione/recinzione) | Canone elevato (7.78 €/mq/mese)",,41.2679744,15.9003894,portal_map,STUDIO CERIGNOLA srlu,2026-07-28 02:50:41,https://www.subito.it/terreni-e-rustici/terreno-a-cerignola-foggia-655550041.htm
64.0,BUONO,Terreno Agricolo Fiumicino [TerrenoACG] (Le Vignol,Fiumicino,Roma,Lazio,900.0,1100.0,1.2,Affitto,Terreni e rustici,55.4,74236.0,1340.0,1710.0,,recintato,"Superficie ottimale (900 mq, ideale per hub 6-12 stalli e pensiline FV 70-150 kWp) | Accessibilità viaria standard da verificare da mappa | Buon rendimento solare (1340 kWh/kWp/anno) | Caratteristiche rilevate: recintato | Canone di mercato (1.22 €/mq/mese)",,41.8215829,12.295691,portal_map,Fiumicino Centro,2026-09-29 20:54:46,https://www.subito.it/terreni-e-rustici/terreno-agricolo-fiumicino-terrenoacg-le-vignol-roma-662665177.htm
64.0,BUONO,Immobile in asta di 54095 m² a Dairago,Dairago,Milano,Lombardia,54095.0,168950.0,3.1,Vendita,Terreni e rustici,500.0,595000.0,1190.0,1520.0,"autostrada, ss",,"Superficie molto estesa (54095 mq, richiede frazionamento/sviluppo ampio) | Ottima accessibilità riscontrata: autostrada, ss | Rendimento solare moderato Nord Italia (1190 kWh/kWp/anno) | Stato del lotto da verificare (pavimentazione/recinzione) | Prezzo molto competitivo (3.1 €/mq)",,45.5634,8.85531,portal_map,Aste Florio,2026-10-01 10:42:48,https://www.subito.it/terreni-e-rustici/immobile-in-asta-di-54095-m²-a-dairago-milano-662845398.htm
64.0,BUONO,Fabbricato industriale,Susegana,Treviso,Veneto,825.0,2100.0,2.5,Affitto,Uffici e Locali commerciali,50.8,60452.0,1190.0,1520.0,"ss, manovra",zona industriale,"Superficie ottimale (825 mq, ideale per hub 6-12 stalli e pensiline FV 70-150 kWp) | Ottima accessibilità riscontrata: ss, manovra | Rendimento solare moderato Nord Italia (1190 kWh/kWp/anno) | Caratteristiche rilevate: zona industriale | Canone elevato (2.55 €/mq/mese)","Via Eugenio Montale, 31058 Susegana TV, Italia",45.8301761,12.2536276,portal_map,co_fi_mi_ s_r_l_,2026-10-01 13:03:35,https://www.subito.it/uffici-locali-commerciali/fabbricato-industriale-treviso-623325059.htm
64.0,BUONO,Zona commerciale Bellizzi,Bellizzi,Salerno,Campania,250.0,1800.0,7.2,Affitto,Uffici e Locali commerciali,15.4,22176.0,1440.0,1840.0,ss,zona commerciale,"Hub cittadino/commerciale (250 mq, ottimo per 4-6 stalli e pensilina 30-70 kWp) | Ottima accessibilità riscontrata: ss | Ottimo rendimento solare (1440 kWh/kWp/anno) | Caratteristiche rilevate: zona commerciale | Canone elevato (7.20 €/mq/mese)","Zona Industriale, Via delle Industrie, 33, 84092 Bellizzi SA, Italia",40.63079130000001,14.9585879,portal_map,Merola immobiliare,2026-10-01 13:37:39,https://www.subito.it/uffici-locali-commerciali/zona-commerciale-bellizzi-salerno-652026788.htm
64.0,BUONO,Capannone Industriale - Caltagirone,Caltagirone,Catania,Sicilia,18000.0,,,Vendita,Uffici e Locali commerciali,500.0,765000.0,1530.0,1960.0,ss,zona industriale,"Superficie molto estesa (18000 mq, richiede frazionamento/sviluppo ampio) | Ottima accessibilità riscontrata: ss | Irraggiamento solare eccellente (1530 kWh/kWp/anno) | Caratteristiche rilevate: zona industriale | Prezzo/canone riservato o non specificato",,37.2503254,14.5573394,portal_map,RE MAX Platinum,2026-10-01 13:38:11,https://www.subito.it/uffici-locali-commerciali/capannone-industriale-caltagirone-catania-649458667.htm
64.0,BUONO,Commerciale Altro - Siracusa,Siracusa,Siracusa,Sicilia,400.0,680000.0,1700.0,Vendita,Uffici e Locali commerciali,24.6,37638.0,1530.0,1960.0,"visibilità, ss",,"Hub cittadino/commerciale (400 mq, ottimo per 4-6 stalli e pensilina 30-70 kWp) | Ottima accessibilità riscontrata: visibilità, ss | Irraggiamento solare eccellente (1530 kWh/kWp/anno) | Stato del lotto da verificare (pavimentazione/recinzione) | Prezzo elevato (1700.0 €/mq, possibile fabbricato incluso)",,37.0714142,15.2668035,portal_map,RE MAX Platinum 3,2026-10-01 13:54:38,https://www.subito.it/uffici-locali-commerciali/commerciale-altro-siracusa-siracusa-630990001.htm
64.0,BUONO,Immobile in asta di 760 m² a Foggia,Foggia,Foggia,Puglia,760.0,705450.0,928.2,Vendita,Uffici e Locali commerciali,46.8,69077.0,1476.0,1904.3,ss,pozzo,"Superficie ottimale (760 mq, ideale per hub 6-12 stalli e pensiline FV 70-150 kWp) | Ottima accessibilità riscontrata: ss | Irraggiamento solare eccellente (1476 kWh/kWp/anno) | Caratteristiche rilevate: pozzo | Prezzo elevato (928.2 €/mq, possibile fabbricato incluso)",,41.4854,15.5702,portal_map,Aste Florio,2026-10-01 10:42:33,https://www.subito.it/uffici-locali-commerciali/immobile-in-asta-di-760-m²-a-foggia-foggia-662845062.htm
64.0,BUONO,Immobile in asta di 1578 m² a Castel Viscardo,Castel Viscardo,Terni,Umbria,8456.0,87680.0,10.4,Vendita,Uffici e Locali commerciali,500.0,670000.0,1340.0,1710.0,ss,zona artigianale,"Superficie molto estesa (8456 mq, richiede frazionamento/sviluppo ampio) | Ottima accessibilità riscontrata: ss | Buon rendimento solare (1340 kWh/kWp/anno) | Caratteristiche rilevate: zona artigianale | Prezzo molto competitivo (10.4 €/mq)",,42.7496,11.9857,portal_map,Aste Florio,2026-10-01 10:42:51,https://www.subito.it/uffici-locali-commerciali/immobile-in-asta-di-1578-m²-a-castel-viscardo-terni-662845403.htm
63.0,BUONO,Immobile in asta di 1585 m² a Mantova,Mantova,Mantova,Lombardia,1585.0,36130.0,22.8,Vendita,Terreni e rustici,97.5,116025.0,1190.0,1520.0,ss,,"Superficie ottimale (1585 mq, ideale per hub 6-12 stalli e pensiline FV 70-150 kWp) | Ottima accessibilità riscontrata: ss | Rendimento solare moderato Nord Italia (1190 kWh/kWp/anno) | Stato del lotto da verificare (pavimentazione/recinzione) | Prezzo molto competitivo (22.8 €/mq)",,45.146,10.783,portal_map,Aste Florio,2026-10-01 10:42:49,https://www.subito.it/terreni-e-rustici/immobile-in-asta-di-1585-m²-a-mantova-mantova-662845418.htm
63.0,BUONO,Soccavo Via Paolo Grimaldi Rif.104T,Napoli,Napoli,Campania,4100.0,5500.0,1.3,Affitto,Terreni e rustici,252.3,363312.0,1440.0,1840.0,ss,,"Grande area (4100 mq, adatta per hub di ricarica ad alta intensità) | Ottima accessibilità riscontrata: ss | Ottimo rendimento solare (1440 kWh/kWp/anno) | Stato del lotto da verificare (pavimentazione/recinzione) | Canone di mercato (1.34 €/mq/mese)","Via Paolo Grimaldi, 80126 Napoli NA, Italia",40.8482822,14.2005651,portal_map,Lucchese Immobiliare,2026-09-16 12:44:07,https://www.subito.it/terreni-e-rustici/soccavo-via-paolo-grimaldi-rif-104t-napoli-660940741.htm
63.0,BUONO,Terreno di 4000 m² a Monterotondo,Monterotondo,Roma,Lazio,4000.0,600.0,0.1,Affitto,Terreni e rustici,246.2,329908.0,1340.0,1710.0,ss,,"Grande area (4000 mq, adatta per hub di ricarica ad alta intensità) | Ottima accessibilità riscontrata: ss | Buon rendimento solare (1340 kWh/kWp/anno) | Stato del lotto da verificare (pavimentazione/recinzione) | Canone di locazione vantaggioso (0.15 €/mq/mese)",,42.0653,12.6153,portal_map,Elleci consulenza,2026-09-19 11:28:07,https://www.subito.it/terreni-e-rustici/terreno-di-4000-m²-a-monterotondo-roma-661300961.htm
63.0,BUONO,Terreno edificabile di 642 mc in zona residenziale,Cogliate,Monza e della Brianza,Lombardia,1987.0,85000.0,42.8,Vendita,Terreni e rustici,122.3,145537.0,1190.0,1520.0,ss,,"Superficie ottimale (1987 mq, ideale per hub 6-12 stalli e pensiline FV 70-150 kWp) | Ottima accessibilità riscontrata: ss | Rendimento solare moderato Nord Italia (1190 kWh/kWp/anno) | Stato del lotto da verificare (pavimentazione/recinzione) | Prezzo molto competitivo (42.8 €/mq)",,45.6454161,9.0819874,offline_istat,Lazzate,2026-10-01 03:28:58,https://www.subito.it/terreni-e-rustici/terreno-edificabile-di-642-mc-in-zona-residenziale-monza-662821045.htm
63.0,BUONO,Immobile in asta di 2474 m² a Montagnana,Montagnana,Padova,Veneto,2474.0,81630.0,33.0,Vendita,Terreni e rustici,152.2,181118.0,1190.0,1520.0,ss,,"Superficie ottimale (2474 mq, ideale per hub 6-12 stalli e pensiline FV 70-150 kWp) | Ottima accessibilità riscontrata: ss | Rendimento solare moderato Nord Italia (1190 kWh/kWp/anno) | Stato del lotto da verificare (pavimentazione/recinzione) | Prezzo molto competitivo (33.0 €/mq)",,45.2375,11.4643,portal_map,Aste Florio,2026-10-01 10:42:36,https://www.subito.it/terreni-e-rustici/immobile-in-asta-di-2474-m²-a-montagnana-padova-662845193.htm
63.0,BUONO,Uffici con capannone,Susegana,Treviso,Veneto,630.0,2100.0,3.3,Affitto,Uffici e Locali commerciali,38.8,46172.0,1190.0,1520.0,"ss, manovra",zona artigianale,"Superficie ottimale (630 mq, ideale per hub 6-12 stalli e pensiline FV 70-150 kWp) | Ottima accessibilità riscontrata: ss, manovra | Rendimento solare moderato Nord Italia (1190 kWh/kWp/anno) | Caratteristiche rilevate: zona artigianale | Canone elevato (3.33 €/mq/mese)","Via Eugenio Montale, 31058 Susegana TV, Italia",45.8301761,12.2536276,portal_map,co_fi_mi_ s_r_l_,2026-10-01 13:20:45,https://www.subito.it/uffici-locali-commerciali/uffici-con-capannone-treviso-614936828.htm
63.0,BUONO,CL157 - Casale in Pietra con Torretta Panoramica e,Sinalunga,Siena,Toscana,500.0,450000.0,900.0,Vendita,Terreni e rustici,30.8,42917.0,1393.4,1782.2,ss,piazzale,"Hub cittadino/commerciale (500 mq, ottimo per 4-6 stalli e pensilina 30-70 kWp) | Ottima accessibilità riscontrata: ss | Ottimo rendimento solare (1393 kWh/kWp/anno) | Caratteristiche rilevate: piazzale | Prezzo elevato (900.0 €/mq, possibile fabbricato incluso)",,43.2123108,11.7365014,portal_map,Immobiliare Rappuoli srl,2026-10-01 01:45:24,https://www.subito.it/terreni-e-rustici/cl157-casale-in-pietra-con-torretta-panoramica-e-siena-654380904.htm
63.0,BUONO,Panificio Bar Pasticceria a Sabaudia,Sabaudia,Latina,Lazio,300.0,90000.0,300.0,Vendita,Uffici e Locali commerciali,18.5,26640.0,1440.0,1840.0,ss,piazzale,"Hub cittadino/commerciale (300 mq, ottimo per 4-6 stalli e pensilina 30-70 kWp) | Ottima accessibilità riscontrata: ss | Ottimo rendimento solare (1440 kWh/kWp/anno) | Caratteristiche rilevate: piazzale | Prezzo elevato (300.0 €/mq, possibile fabbricato incluso)",,41.3015672,13.0258726,offline_istat,,2026-10-01 12:47:42,https://www.subito.it/uffici-locali-commerciali/panificio-bar-pasticceria-a-sabaudia-latina-662598037.htm
63.0,BUONO,GFP - RISTORANTE POSIZIONE STREPITOSA,Sirmione,Brescia,Lombardia,1500.0,8000.0,5.3,Vendita,Uffici e Locali commerciali,92.3,109837.0,1190.0,1520.0,ss,,"Superficie ottimale (1500 mq, ideale per hub 6-12 stalli e pensiline FV 70-150 kWp) | Ottima accessibilità riscontrata: ss | Rendimento solare moderato Nord Italia (1190 kWh/kWp/anno) | Stato del lotto da verificare (pavimentazione/recinzione) | Prezzo molto competitivo (5.3 €/mq)",,45.4688494,10.6078237,offline_istat,GFP di Gianfranco Passaia,2026-10-01 13:04:08,https://www.subito.it/uffici-locali-commerciali/gfp-ristorante-posizione-strepitosa-brescia-660623168.htm
63.0,BUONO,CC5 - Sinalunga capannone di nuova costruz,Sinalunga,Siena,Toscana,7600.0,1500000.0,197.4,Vendita,Uffici e Locali commerciali,467.7,651693.0,1393.4,1782.2,,piazzale,"Grande area (7600 mq, adatta per hub di ricarica ad alta intensità) | Accessibilità viaria standard da verificare da mappa | Ottimo rendimento solare (1393 kWh/kWp/anno) | Caratteristiche rilevate: piazzale | Prezzo sopra la media (197.4 €/mq)",,43.2123108,11.7365014,portal_map,Immobiliare Rappuoli srl,2026-10-01 01:45:35,https://www.subito.it/uffici-locali-commerciali/cc5-sinalunga-capannone-di-nuova-costruz-siena-654379805.htm
63.0,BUONO,"CAPANNONE PRODUTTIVO: praticità, visibilità e p...",San Vito al Tagliamento,Pordenone,Friuli-Venezia Giulia,5400.0,,,Vendita,Uffici e Locali commerciali,332.3,395437.0,1190.0,1520.0,"visibilità, ss, manovra",,"Grande area (5400 mq, adatta per hub di ricarica ad alta intensità) | Ottima accessibilità riscontrata: visibilità, ss, manovra | Rendimento solare moderato Nord Italia (1190 kWh/kWp/anno) | Stato del lotto da verificare (pavimentazione/recinzione) | Prezzo/canone riservato o non specificato",,45.9138,12.861,portal_map,Sirio,2026-10-01 13:38:16,https://www.subito.it/uffici-locali-commerciali/capannone-produttivo-praticita-visibilita-e-p-pordenone-645670728.htm
62.0,BUONO,Terreno per logistica nazzano,Carrara,Massa-Carrara,Toscana,1100.0,1100.0,1.0,Affitto,Terreni e rustici,67.7,85302.0,1260.0,1610.0,,,"Superficie ottimale (1100 mq, ideale per hub 6-12 stalli e pensiline FV 70-150 kWp) | Accessibilità viaria standard da verificare da mappa | Buon rendimento solare (1260 kWh/kWp/anno) | Stato del lotto da verificare (pavimentazione/recinzione) | Canone di locazione vantaggioso (1.00 €/mq/mese)","Via Provinciale Carrara-Avenza, 54033 Carrara MS, Italia",44.0586821,10.0760737,portal_map,giovanni,2026-09-18 18:05:38,https://www.subito.it/terreni-e-rustici/terreno-per-logistica-nazzano-massa-carrara-661235546.htm
62.0,BUONO,Terreno di 5300 m² a Fiumefreddo di Sicilia,Fiumefreddo di Sicilia,Catania,Sicilia,5300.0,340000.0,64.2,Vendita,Terreni e rustici,326.2,499086.0,1530.0,1960.0,,,"Grande area (5300 mq, adatta per hub di ricarica ad alta intensità) | Accessibilità viaria standard da verificare da mappa | Irraggiamento solare eccellente (1530 kWh/kWp/anno) | Stato del lotto da verificare (pavimentazione/recinzione) | Prezzo congruo di mercato (64.2 €/mq)",,37.796,15.2118,portal_map,Leotta Immobiliare di Leotta Alessandro,2026-10-01 01:57:59,https://www.subito.it/terreni-e-rustici/terreno-di-5300-m²-a-fiumefreddo-di-sicilia-catania-661653981.htm
62.0,BUONO,CC85 - Sinalunga capannone di mq 720,Sinalunga,Siena,Toscana,720.0,400000.0,555.6,Vendita,Uffici e Locali commerciali,44.3,61728.0,1393.4,1782.2,,piazzale,"Superficie ottimale (720 mq, ideale per hub 6-12 stalli e pensiline FV 70-150 kWp) | Accessibilità viaria standard da verificare da mappa | Ottimo rendimento solare (1393 kWh/kWp/anno) | Caratteristiche rilevate: piazzale | Prezzo elevato (555.6 €/mq, possibile fabbricato incluso)",,43.2123108,11.7365014,portal_map,Immobiliare Rappuoli srl,2026-10-01 01:45:33,https://www.subito.it/uffici-locali-commerciali/cc85-sinalunga-capannone-di-mq-720-siena-654379928.htm
62.0,BUONO,Terreno angolare di 1200 mq nel centro di Talsano,Taranto,Taranto,Puglia,1200.0,,,Affitto,Terreni e rustici,73.8,106272.0,1440.0,1840.0,ss,,"Superficie ottimale (1200 mq, ideale per hub 6-12 stalli e pensiline FV 70-150 kWp) | Ottima accessibilità riscontrata: ss | Ottimo rendimento solare (1440 kWh/kWp/anno) | Stato del lotto da verificare (pavimentazione/recinzione) | Prezzo/canone riservato o non specificato",,40.4712427,17.2432278,offline_istat,,2026-09-15 15:38:07,https://www.subito.it/terreni-e-rustici/terreno-angolare-di-1200-mq-nel-centro-di-talsano-taranto-660822878.htm
62.0,BUONO,AMPIA TENUTA,Bitonto,Bari,Puglia,49338.0,600000.0,12.2,Vendita,Terreni e rustici,500.0,720000.0,1440.0,1840.0,ss,,"Superficie molto estesa (49338 mq, richiede frazionamento/sviluppo ampio) | Ottima accessibilità riscontrata: ss | Ottimo rendimento solare (1440 kWh/kWp/anno) | Stato del lotto da verificare (pavimentazione/recinzione) | Prezzo molto competitivo (12.2 €/mq)",,41.1084971,16.691548,offline_istat,Studi Santi srl,2026-10-01 01:58:06,https://www.subito.it/terreni-e-rustici/ampia-tenuta-bari-661686204.htm
62.0,BUONO,Cascina/Casale - Ragusa,Ragusa,Ragusa,Sicilia,400.0,69000.0,172.5,Vendita,Terreni e rustici,24.6,37638.0,1530.0,1960.0,ss,,"Hub cittadino/commerciale (400 mq, ottimo per 4-6 stalli e pensilina 30-70 kWp) | Ottima accessibilità riscontrata: ss | Irraggiamento solare eccellente (1530 kWh/kWp/anno) | Stato del lotto da verificare (pavimentazione/recinzione) | Prezzo sopra la media (172.5 €/mq)",,36.980493,14.828484,portal_map,RE MAX Platinum 6,2026-10-01 01:32:50,https://www.subito.it/terreni-e-rustici/cascina-casale-ragusa-ragusa-645945763.htm
62.0,BUONO,Pozzallo (RG) terreno edificabile 13.000 mq,Pozzallo,Ragusa,Sicilia,13000.0,910000.0,70.0,Vendita,Terreni e rustici,500.0,765000.0,1530.0,1960.0,ss,,"Superficie molto estesa (13000 mq, richiede frazionamento/sviluppo ampio) | Ottima accessibilità riscontrata: ss | Irraggiamento solare eccellente (1530 kWh/kWp/anno) | Stato del lotto da verificare (pavimentazione/recinzione) | Prezzo congruo di mercato (70.0 €/mq)","97016 Pozzallo RG, Italia",36.7299146,14.849099,portal_map,CASA FACILE di Cosentino Gaetana,2026-10-01 01:58:01,https://www.subito.it/terreni-e-rustici/pozzallo-rg-terreno-edificabile-13-000-mq-ragusa-656360348.htm
62.0,BUONO,Attività Commerciali di ristorazione e fittacamere,Pietrastornina,Avellino,Campania,800.0,,,Affitto,Uffici e Locali commerciali,49.2,70848.0,1440.0,1840.0,ss,,"Superficie ottimale (800 mq, ideale per hub 6-12 stalli e pensiline FV 70-150 kWp) | Ottima accessibilità riscontrata: ss | Ottimo rendimento solare (1440 kWh/kWp/anno) | Stato del lotto da verificare (pavimentazione/recinzione) | Prezzo/canone riservato o non specificato",,40.9929878,14.7274745,offline_istat,,2026-09-20 13:48:08,https://www.subito.it/uffici-locali-commerciali/attivita-commerciali-di-ristorazione-e-fittacamere-avellino-661430275.htm
62.0,BUONO,MAGAZZINO A AREZZO,Arezzo,Arezzo,Toscana,455.0,2100.0,4.6,Affitto,Uffici e Locali commerciali,28.0,37520.0,1340.0,1710.0,ss,piazzale,"Hub cittadino/commerciale (455 mq, ottimo per 4-6 stalli e pensilina 30-70 kWp) | Ottima accessibilità riscontrata: ss | Buon rendimento solare (1340 kWh/kWp/anno) | Caratteristiche rilevate: piazzale | Canone elevato (4.62 €/mq/mese)",,43.4244203187,11.8456396045,portal_map,IMPRESA VALDARNO srl,2026-10-01 02:26:28,https://www.subito.it/uffici-locali-commerciali/magazzino-a-arezzo-arezzo-662819166.htm
62.0,BUONO,COMPLESSO A AVELLINO,Avellino,Avellino,Campania,28000.0,345000.0,12.3,Vendita,Uffici e Locali commerciali,500.0,720000.0,1440.0,1840.0,ss,,"Superficie molto estesa (28000 mq, richiede frazionamento/sviluppo ampio) | Ottima accessibilità riscontrata: ss | Ottimo rendimento solare (1440 kWh/kWp/anno) | Stato del lotto da verificare (pavimentazione/recinzione) | Prezzo molto competitivo (12.3 €/mq)",,40.9303630131,14.813479827,portal_map,RAMO CASA srl,2026-10-01 02:39:38,https://www.subito.it/uffici-locali-commerciali/complesso-a-avellino-avellino-662820397.htm
62.0,BUONO,Immobile in asta di 986 m² a Genzano di Roma,Genzano di Roma,Roma,Lazio,986.3,425240.0,431.1,Vendita,Uffici e Locali commerciali,60.7,81338.0,1340.0,1710.0,"strada statale, ss",,"Superficie ottimale (986 mq, ideale per hub 6-12 stalli e pensiline FV 70-150 kWp) | Ottima accessibilità riscontrata: strada statale, ss | Buon rendimento solare (1340 kWh/kWp/anno) | Stato del lotto da verificare (pavimentazione/recinzione) | Prezzo elevato (431.1 €/mq, possibile fabbricato incluso)",,41.6811,12.7176,portal_map,Aste Florio,2026-10-01 10:42:45,https://www.subito.it/uffici-locali-commerciali/immobile-in-asta-di-986-m²-a-genzano-di-roma-roma-662845283.htm
61.0,BUONO,Asta privata invest. turist.7 ett. con ristorante,Romans d'Isonzo,Gorizia,Friuli-Venezia Giulia,70000.0,400000.0,5.7,Vendita,Uffici e Locali commerciali,500.0,595000.0,1190.0,1520.0,ss,recintato,"Superficie molto estesa (70000 mq, richiede frazionamento/sviluppo ampio) | Ottima accessibilità riscontrata: ss | Rendimento solare moderato Nord Italia (1190 kWh/kWp/anno) | Caratteristiche rilevate: recintato | Prezzo molto competitivo (5.7 €/mq)","Viale Trieste, 52A, 34076 Romans d'Isonzo GO, Italia",45.8836,13.4597717,portal_map,giovanni,2026-10-01 14:29:58,https://www.subito.it/uffici-locali-commerciali/asta-privata-invest-turist-7-ett-con-ristorante-gorizia-645381922.htm
61.0,BUONO,CAPANNONE A COLOGNOLA AI COLLI,Colognola ai Colli,Verona,Veneto,3300.0,760000.0,230.3,Vendita,Uffici e Locali commerciali,203.1,241689.0,1190.0,1520.0,"autostrada, ss",,"Grande area (3300 mq, adatta per hub di ricarica ad alta intensità) | Ottima accessibilità riscontrata: autostrada, ss | Rendimento solare moderato Nord Italia (1190 kWh/kWp/anno) | Stato del lotto da verificare (pavimentazione/recinzione) | Prezzo sopra la media (230.3 €/mq)",,45.4300259829,11.1557689779,portal_map,INDUSTRIALE VERONA EST sas,2026-10-01 02:39:18,https://www.subito.it/uffici-locali-commerciali/capannone-a-colognola-ai-colli-verona-662819730.htm
61.0,BUONO,Capannone di 10.500 mq,Pianiga,Venezia,Veneto,10500.0,50000.0,4.8,Affitto,Uffici e Locali commerciali,500.0,680350.0,1360.7,1736.8,,"piazzale, asfaltato","Superficie molto estesa (10500 mq, richiede frazionamento/sviluppo ampio) | Accessibilità viaria standard da verificare da mappa | Ottimo rendimento solare (1361 kWh/kWp/anno) | Caratteristiche rilevate: piazzale, asfaltato | Canone elevato (4.76 €/mq/mese)",,45.4560955,12.0301727,offline_istat,Gambaro Intermediazioni Commerciali,2026-10-01 14:30:14,https://www.subito.it/uffici-locali-commerciali/capannone-di-10-500-mq-venezia-640213108.htm
61.0,BUONO,Immobile di 600 m² a Dozza,Dozza,Bologna,Emilia-Romagna,600.0,2000.0,3.3,Affitto,Uffici e Locali commerciali,36.9,46494.0,1260.0,1610.0,,piazzale,"Superficie ottimale (600 mq, ideale per hub 6-12 stalli e pensiline FV 70-150 kWp) | Accessibilità viaria standard da verificare da mappa | Buon rendimento solare (1260 kWh/kWp/anno) | Caratteristiche rilevate: piazzale | Canone elevato (3.33 €/mq/mese)",,44.3789,11.642,portal_map,Cristal Immobiliare,2026-09-30 10:52:02,https://www.subito.it/uffici-locali-commerciali/immobile-di-600-m²-a-dozza-bologna-662712971.htm
61.0,BUONO,Sestu Terreno Edificabile con progetto approvato,Sestu,Cagliari,Sardegna,240.0,280000.0,1166.7,Vendita,Terreni e rustici,14.8,21312.0,1440.0,1840.0,"visibilità, ss",allacciamento,"Micro-hub compatto (240 mq, ideale per 2-4 stalli fast e pensilina 15-30 kWp) | Ottima accessibilità riscontrata: visibilità, ss | Ottimo rendimento solare (1440 kWh/kWp/anno) | Caratteristiche rilevate: allacciamento | Prezzo elevato (1166.7 €/mq, possibile fabbricato incluso)","Via Porrino, 09028 Sestu CA, Italia",39.3033647,9.0957672,portal_map,SM Immobiliare Srl,2026-10-01 10:09:57,https://www.subito.it/terreni-e-rustici/sestu-terreno-edificabile-con-progetto-approvato-cagliari-662839640.htm
61.0,BUONO,Terreno Palermo per 2 ville indipendenti,Palermo,Palermo,Sicilia,1415.0,420000.0,296.8,Vendita,Terreni e rustici,87.1,133263.0,1530.0,1960.0,ss,,"Superficie ottimale (1415 mq, ideale per hub 6-12 stalli e pensiline FV 70-150 kWp) | Ottima accessibilità riscontrata: ss | Irraggiamento solare eccellente (1530 kWh/kWp/anno) | Stato del lotto da verificare (pavimentazione/recinzione) | Prezzo elevato (296.8 €/mq, possibile fabbricato incluso)","Via Gian Lorenzo Bernini, 90145 Palermo PA, Italia",38.134195,13.32445,portal_map,CASA FACILE di Cosentino Gaetana,2026-10-01 01:58:02,https://www.subito.it/terreni-e-rustici/terreno-palermo-per-2-ville-indipendenti-palermo-655932008.htm
61.0,BUONO,Terreno +Struttura Ricettiva Zona Quadrivio,Agrigento,Agrigento,Sicilia,1000.0,610000.0,610.0,Vendita,Terreni e rustici,61.5,94095.0,1530.0,1960.0,ss,,"Superficie ottimale (1000 mq, ideale per hub 6-12 stalli e pensiline FV 70-150 kWp) | Ottima accessibilità riscontrata: ss | Irraggiamento solare eccellente (1530 kWh/kWp/anno) | Stato del lotto da verificare (pavimentazione/recinzione) | Prezzo elevato (610.0 €/mq, possibile fabbricato incluso)",,37.3122991,13.57465,offline_istat,Studio Atenea Immobiliare,2026-10-01 04:30:31,https://www.subito.it/terreni-e-rustici/terreno-struttura-ricettiva-zona-quadrivio-agrigento-662821379.htm
60.0,BUONO,Terreno di 200 m² a Arzano,Arzano,Napoli,Campania,200.0,1000.0,5.0,Affitto,Terreni e rustici,12.3,17712.0,1440.0,1840.0,ss,"asfaltato, cancello","Micro-hub compatto (200 mq, ideale per 2-4 stalli fast e pensilina 15-30 kWp) | Ottima accessibilità riscontrata: ss | Ottimo rendimento solare (1440 kWh/kWp/anno) | Caratteristiche rilevate: asfaltato, cancello | Canone elevato (5.00 €/mq/mese)",,40.9118,14.257,portal_map,Andromeda Immobiliare,2026-08-28 21:29:09,https://www.subito.it/terreni-e-rustici/terreno-di-200-m²-a-arzano-napoli-658691840.htm
60.0,BUONO,CL116 - Affascinante Casale Leopoldino con Vista P,Marsciano,Perugia,Umbria,450.0,1950000.0,4333.3,Vendita,Terreni e rustici,27.7,37118.0,1340.0,1710.0,ss,"energia elettrica, pozzo","Hub cittadino/commerciale (450 mq, ottimo per 4-6 stalli e pensilina 30-70 kWp) | Ottima accessibilità riscontrata: ss | Buon rendimento solare (1340 kWh/kWp/anno) | Caratteristiche rilevate: energia elettrica, pozzo | Prezzo elevato (4333.3 €/mq, possibile fabbricato incluso)",,42.9026439,12.349497,portal_map,Immobiliare Rappuoli srl,2026-10-01 01:45:22,https://www.subito.it/terreni-e-rustici/cl116-affascinante-casale-leopoldino-con-vista-p-perugia-654381016.htm
60.0,BUONO,CL271 porzione di casale in pietra e mattoni con g,Sinalunga,Siena,Toscana,560.0,215000.0,383.9,Vendita,Terreni e rustici,34.5,48072.0,1393.4,1782.2,ss,recintato,"Hub cittadino/commerciale (560 mq, ottimo per 4-6 stalli e pensilina 30-70 kWp) | Ottima accessibilità riscontrata: ss | Ottimo rendimento solare (1393 kWh/kWp/anno) | Caratteristiche rilevate: recintato | Prezzo elevato (383.9 €/mq, possibile fabbricato incluso)",,43.2123108,11.7365014,portal_map,Immobiliare Rappuoli srl,2026-10-01 01:45:24,https://www.subito.it/terreni-e-rustici/cl271-porzione-di-casale-in-pietra-e-mattoni-con-g-siena-654380876.htm
60.0,BUONO,PACECO - Via Marsala - Locale commerciale di 150mq,Paceco,Trapani,Sicilia,150.0,999.0,6.7,Affitto,Uffici e Locali commerciali,9.2,14076.0,1530.0,1960.0,"visibilità, ss",,"Micro-hub compatto (150 mq, ideale per 2-4 stalli fast e pensilina 15-30 kWp) | Ottima accessibilità riscontrata: visibilità, ss | Irraggiamento solare eccellente (1530 kWh/kWp/anno) | Stato del lotto da verificare (pavimentazione/recinzione) | Canone elevato (6.66 €/mq/mese)","Via Marsala, Paceco TP, Italia",37.9759016,12.5566945,portal_map,Studio Immobiliare PUNTO CASA di Giacomo Nicotra,2026-10-01 12:48:07,https://www.subito.it/uffici-locali-commerciali/paceco-via-marsala-locale-commerciale-di-150mq-trapani-586903939.htm
60.0,BUONO,Colonica con terreno,Roccastrada,Grosseto,Toscana,4000.0,310000.0,77.5,Vendita,Terreni e rustici,246.2,329908.0,1340.0,1710.0,ss,,"Grande area (4000 mq, adatta per hub di ricarica ad alta intensità) | Ottima accessibilità riscontrata: ss | Buon rendimento solare (1340 kWh/kWp/anno) | Stato del lotto da verificare (pavimentazione/recinzione) | Prezzo congruo di mercato (77.5 €/mq)",,43.009931,11.166532,offline_istat,Agenzia Immobiliare P_M_,2026-10-01 11:59:04,https://www.subito.it/terreni-e-rustici/colonica-con-terreno-grosseto-640973537.htm
60.0,BUONO,Uffici di rappresentanza in formula office service,Treviso,Treviso,Veneto,400.0,300.0,0.8,Affitto,Uffici e Locali commerciali,24.6,29274.0,1190.0,1520.0,ss,,"Hub cittadino/commerciale (400 mq, ottimo per 4-6 stalli e pensilina 30-70 kWp) | Ottima accessibilità riscontrata: ss | Rendimento solare moderato Nord Italia (1190 kWh/kWp/anno) | Stato del lotto da verificare (pavimentazione/recinzione) | Canone di locazione vantaggioso (0.75 €/mq/mese)","Viale IV Novembre, 31100 Treviso TV, Italia",45.66215304607782,12.269628394750995,portal_map,Christian,2026-10-01 12:49:35,https://www.subito.it/uffici-locali-commerciali/uffici-di-rappresentanza-in-formula-office-service-treviso-662862266.htm
60.0,BUONO,Negozio Pomezia [A4359092],Pomezia,Roma,Lazio,121.0,180000.0,1487.6,Vendita,Uffici e Locali commerciali,7.4,11357.0,1534.7,1960.5,ss,piazzale,"Micro-hub compatto (121 mq, ideale per 2-4 stalli fast e pensilina 15-30 kWp) | Ottima accessibilità riscontrata: ss | Irraggiamento solare eccellente (1535 kWh/kWp/anno) | Caratteristiche rilevate: piazzale | Prezzo elevato (1487.6 €/mq, possibile fabbricato incluso)",,41.66231,12.5432563,portal_map,Rete Aste,2026-10-01 06:09:08,https://www.subito.it/uffici-locali-commerciali/negozio-pomezia-a4359092-roma-662822079.htm
60.0,BUONO,Capannone a marghera di 1500 con piazzale,Venezia,Venezia,Veneto,8500.0,1600000.0,188.2,Vendita,Uffici e Locali commerciali,500.0,669150.0,1338.3,1705.1,ss,piazzale,"Superficie molto estesa (8500 mq, richiede frazionamento/sviluppo ampio) | Ottima accessibilità riscontrata: ss | Buon rendimento solare (1338 kWh/kWp/anno) | Caratteristiche rilevate: piazzale | Prezzo sopra la media (188.2 €/mq)",,45.4371908,12.3345898,offline_istat,Gambaro Intermediazioni Commerciali,2026-10-01 12:15:26,https://www.subito.it/uffici-locali-commerciali/capannone-a-marghera-di-1500-con-piazzale-venezia-624780219.htm
60.0,BUONO,Magazzino - Paternò,Paterno',Catania,Sicilia,185.0,450.0,2.4,Affitto,Uffici e Locali commerciali,11.4,17442.0,1530.0,1960.0,ss,,"Micro-hub compatto (185 mq, ideale per 2-4 stalli fast e pensilina 15-30 kWp) | Ottima accessibilità riscontrata: ss | Irraggiamento solare eccellente (1530 kWh/kWp/anno) | Stato del lotto da verificare (pavimentazione/recinzione) | Canone di mercato (2.43 €/mq/mese)",,37.567273,14.901143,portal_map,RE MAX Platinum,2026-09-24 15:39:45,https://www.subito.it/uffici-locali-commerciali/magazzino-paterno-catania-649459888.htm
59.0,MEDIO,Stabile pluriuso,Montecosaro,Macerata,Marche,30000.0,498000.0,16.6,Vendita,Uffici e Locali commerciali,500.0,670000.0,1340.0,1710.0,ss,,"Superficie molto estesa (30000 mq, richiede frazionamento/sviluppo ampio) | Ottima accessibilità riscontrata: ss | Buon rendimento solare (1340 kWh/kWp/anno) | Stato del lotto da verificare (pavimentazione/recinzione) | Prezzo molto competitivo (16.6 €/mq)","Localita' Piane di Chienti, 62010 MC, Italia",43.2758373,13.6328785,portal_map,Immobiliare Rinaldelli Srl,2026-10-01 10:57:43,https://www.subito.it/uffici-locali-commerciali/stabile-pluriuso-macerata-662846354.htm
59.0,MEDIO,Immobile in asta di 16100 m² a Castelletto d'Orba,Castelletto d'Orba,Alessandria,Piemonte,16100.0,85430.0,5.3,Vendita,Terreni e rustici,500.0,630000.0,1260.0,1610.0,ss,,"Superficie molto estesa (16100 mq, richiede frazionamento/sviluppo ampio) | Ottima accessibilità riscontrata: ss | Buon rendimento solare (1260 kWh/kWp/anno) | Stato del lotto da verificare (pavimentazione/recinzione) | Prezzo molto competitivo (5.3 €/mq)",,44.7552,8.6657,portal_map,Aste Florio,2026-10-01 10:42:24,https://www.subito.it/terreni-e-rustici/immobile-in-asta-di-16100-m²-a-castelletto-d-orba-alessandria-662844848.htm
59.0,MEDIO,Immobile in asta di 13853 m² a Monteprandone,Monteprandone,Ascoli Piceno,Marche,13853.0,40120.0,2.9,Vendita,Terreni e rustici,500.0,670000.0,1340.0,1710.0,ss,,"Superficie molto estesa (13853 mq, richiede frazionamento/sviluppo ampio) | Ottima accessibilità riscontrata: ss | Buon rendimento solare (1340 kWh/kWp/anno) | Stato del lotto da verificare (pavimentazione/recinzione) | Prezzo molto competitivo (2.9 €/mq)",,42.9193,13.8637,portal_map,Aste Florio,2026-10-01 10:42:38,https://www.subito.it/terreni-e-rustici/immobile-in-asta-di-13853-m²-a-monteprandone-ascoli-piceno-662845184.htm
59.0,MEDIO,Terreno di 30150 m² a Roma,Roma,Roma,Lazio,30150.0,8000.0,0.3,Affitto,Terreni e rustici,500.0,670000.0,1340.0,1710.0,ss,,"Superficie molto estesa (30150 mq, richiede frazionamento/sviluppo ampio) | Ottima accessibilità riscontrata: ss | Buon rendimento solare (1340 kWh/kWp/anno) | Stato del lotto da verificare (pavimentazione/recinzione) | Canone di locazione vantaggioso (0.27 €/mq/mese)",,41.9994,12.386,portal_map,Dominvest,2026-08-28 21:52:12,https://www.subito.it/terreni-e-rustici/terreno-di-30150-m²-a-roma-roma-658696033.htm
59.0,MEDIO,Terreno commerciale,Mozzate,Como,Lombardia,1000.0,1850.0,1.9,Affitto,Terreni e rustici,61.5,82465.0,1340.9,1722.5,,,"Superficie ottimale (1000 mq, ideale per hub 6-12 stalli e pensiline FV 70-150 kWp) | Accessibilità viaria standard da verificare da mappa | Buon rendimento solare (1341 kWh/kWp/anno) | Stato del lotto da verificare (pavimentazione/recinzione) | Canone di mercato (1.85 €/mq/mese)","Via Varese, 94, 22076 Mozzate CO, Italia",45.6716874,8.9561387,portal_map,daniele,2026-07-11 18:52:22,https://www.subito.it/terreni-e-rustici/terreno-commerciale-como-653797067.htm
59.0,MEDIO,Casa di campagna a meno di 20 km da Cagliari,Quartucciu,Cagliari,Sardegna,5000.0,,,Affitto,Terreni e rustici,307.7,443088.0,1440.0,1840.0,ss,,"Grande area (5000 mq, adatta per hub di ricarica ad alta intensità) | Ottima accessibilità riscontrata: ss | Ottimo rendimento solare (1440 kWh/kWp/anno) | Stato del lotto da verificare (pavimentazione/recinzione) | Prezzo/canone riservato o non specificato",,39.254139,9.178846,offline_istat,Anna,2026-09-27 14:39:03,https://www.subito.it/terreni-e-rustici/casa-di-campagna-a-meno-di-20-km-da-cagliari-cagliari-642724446.htm
59.0,MEDIO,Area parcheggio auto e camper a Marina di Grosseto,Grosseto,Grosseto,Toscana,30000.0,400.0,0.0,Affitto,Terreni e rustici,500.0,670000.0,1340.0,1710.0,ss,,"Superficie molto estesa (30000 mq, richiede frazionamento/sviluppo ampio) | Ottima accessibilità riscontrata: ss | Buon rendimento solare (1340 kWh/kWp/anno) | Stato del lotto da verificare (pavimentazione/recinzione) | Canone di locazione vantaggioso (0.01 €/mq/mese)","SP delle Collacchie, Grosseto GR, Italia",42.74459399689887,10.959417598252589,portal_map,Mauro,2026-09-02 16:23:21,https://www.subito.it/terreni-e-rustici/area-parcheggio-auto-e-camper-a-marina-di-grosseto-grosseto-659266389.htm
58.0,MEDIO,Cascina/Casale - Modica,Modica,Ragusa,Sicilia,257.0,180000.0,700.4,Vendita,Terreni e rustici,15.8,24174.0,1530.0,1960.0,ss,,"Hub cittadino/commerciale (257 mq, ottimo per 4-6 stalli e pensilina 30-70 kWp) | Ottima accessibilità riscontrata: ss | Irraggiamento solare eccellente (1530 kWh/kWp/anno) | Stato del lotto da verificare (pavimentazione/recinzione) | Prezzo elevato (700.4 €/mq, possibile fabbricato incluso)",,36.850161,14.8379293,portal_map,RE MAX Platinum 3,2026-10-01 11:58:59,https://www.subito.it/terreni-e-rustici/cascina-casale-modica-ragusa-623251429.htm
58.0,MEDIO,Ampia area adibita a parcheggio,Palermo,Palermo,Sicilia,500.0,,,Affitto,Terreni e rustici,30.8,47124.0,1530.0,1960.0,,,"Hub cittadino/commerciale (500 mq, ottimo per 4-6 stalli e pensilina 30-70 kWp) | Accessibilità viaria standard da verificare da mappa | Irraggiamento solare eccellente (1530 kWh/kWp/anno) | Stato del lotto da verificare (pavimentazione/recinzione) | Prezzo/canone riservato o non specificato",,38.1112268,13.3524434,offline_istat,,2026-09-05 14:55:16,https://www.subito.it/terreni-e-rustici/ampia-area-adibita-a-parcheggio-palermo-659622430.htm
58.0,MEDIO,Parcheggio,Sanluri,Medio Campidano,Sardegna,600.0,,,Affitto,Terreni e rustici,36.9,53136.0,1440.0,1840.0,,,"Superficie ottimale (600 mq, ideale per hub 6-12 stalli e pensiline FV 70-150 kWp) | Accessibilità viaria standard da verificare da mappa | Ottimo rendimento solare (1440 kWh/kWp/anno) | Stato del lotto da verificare (pavimentazione/recinzione) | Prezzo/canone riservato o non specificato",,39.562642,8.898636,offline_istat,,2026-09-13 16:56:04,https://www.subito.it/terreni-e-rustici/parcheggio-medio-campidano-660580736.htm
58.0,MEDIO,parcheggio,Palermo,Palermo,Sicilia,6000.0,,,Affitto,Terreni e rustici,369.2,564876.0,1530.0,1960.0,,,"Grande area (6000 mq, adatta per hub di ricarica ad alta intensità) | Accessibilità viaria standard da verificare da mappa | Irraggiamento solare eccellente (1530 kWh/kWp/anno) | Stato del lotto da verificare (pavimentazione/recinzione) | Prezzo/canone riservato o non specificato",,38.1112268,13.3524434,offline_istat,,2026-09-25 22:26:42,https://www.subito.it/terreni-e-rustici/parcheggio-palermo-662167825.htm
58.0,MEDIO,Attività  Commerciale - Chiaramonte Gulfi,Chiaramonte Gulfi,Ragusa,Sicilia,303.0,357000.0,1178.2,Vendita,Uffici e Locali commerciali,18.6,28458.0,1530.0,1960.0,ss,,"Hub cittadino/commerciale (303 mq, ottimo per 4-6 stalli e pensilina 30-70 kWp) | Ottima accessibilità riscontrata: ss | Irraggiamento solare eccellente (1530 kWh/kWp/anno) | Stato del lotto da verificare (pavimentazione/recinzione) | Prezzo elevato (1178.2 €/mq, possibile fabbricato incluso)",,37.03337,14.6083,portal_map,RE MAX Platinum 6,2026-10-01 01:32:57,https://www.subito.it/uffici-locali-commerciali/attivita-commerciale-chiaramonte-gulfi-ragusa-653601125.htm
58.0,MEDIO,Antico Borgo con Ristorante e Struttura Ricettiva,Roma,Roma,Lazio,8000.0,3300000.0,412.5,Vendita,Uffici e Locali commerciali,492.3,737022.0,1497.1,1915.2,ss,,"Grande area (8000 mq, adatta per hub di ricarica ad alta intensità) | Ottima accessibilità riscontrata: ss | Irraggiamento solare eccellente (1497 kWh/kWp/anno) | Stato del lotto da verificare (pavimentazione/recinzione) | Prezzo elevato (412.5 €/mq, possibile fabbricato incluso)",,41.8933203,12.4829321,offline_istat,Ludovico M_,2026-10-01 01:57:51,https://www.subito.it/uffici-locali-commerciali/antico-borgo-con-ristorante-e-struttura-ricettiva-roma-654746483.htm
58.0,MEDIO,Attività commerciale avviata,San Vito Romano,Roma,Lazio,200.0,25000.0,125.0,Vendita,Uffici e Locali commerciali,12.3,16482.0,1340.0,1710.0,ss,piazzale,"Micro-hub compatto (200 mq, ideale per 2-4 stalli fast e pensilina 15-30 kWp) | Ottima accessibilità riscontrata: ss | Buon rendimento solare (1340 kWh/kWp/anno) | Caratteristiche rilevate: piazzale | Prezzo sopra la media (125.0 €/mq)",,41.879821,12.979389,offline_istat,,2026-10-01 11:58:23,https://www.subito.it/uffici-locali-commerciali/attivita-commerciale-avviata-roma-657116366.htm
57.0,MEDIO,AMPIO NEGOZIO FRONTE STRADA  NO SPESE CONDOMINIALI,San Giorgio delle Pertiche,Padova,Veneto,150.0,,,Affitto,Uffici e Locali commerciali,9.2,10948.0,1190.0,1520.0,"fronte strada, ss",,"Micro-hub compatto (150 mq, ideale per 2-4 stalli fast e pensilina 15-30 kWp) | Ottima accessibilità riscontrata: fronte strada, ss | Rendimento solare moderato Nord Italia (1190 kWh/kWp/anno) | Stato del lotto da verificare (pavimentazione/recinzione) | Prezzo/canone riservato o non specificato",,45.5416702,11.9112369,offline_istat,,2026-10-01 12:00:48,https://www.subito.it/uffici-locali-commerciali/ampio-negozio-fronte-strada-no-spese-condominiali-padova-662855864.htm
56.0,MEDIO,CC65 - Monte San Savino capannone di mq 90,Monte San Savino,Arezzo,Toscana,9000.0,,,Vendita,Uffici e Locali commerciali,500.0,665000.0,1330.0,1700.0,,piazzale,"Superficie molto estesa (9000 mq, richiede frazionamento/sviluppo ampio) | Accessibilità viaria standard da verificare da mappa | Buon rendimento solare (1330 kWh/kWp/anno) | Caratteristiche rilevate: piazzale | Prezzo/canone riservato o non specificato",,43.3320621,11.7316241,portal_map,Immobiliare Rappuoli srl,2026-10-01 01:45:28,https://www.subito.it/uffici-locali-commerciali/cc65-monte-san-savino-capannone-di-mq-90-arezzo-654380489.htm
56.0,MEDIO,Immobile in asta di 36500 m² a Borgo Valbelluna,Borgo Valbelluna,Belluno,Veneto,36500.0,154380.0,4.2,Vendita,Uffici e Locali commerciali,500.0,595000.0,1190.0,1520.0,ss,,"Superficie molto estesa (36500 mq, richiede frazionamento/sviluppo ampio) | Ottima accessibilità riscontrata: ss | Rendimento solare moderato Nord Italia (1190 kWh/kWp/anno) | Stato del lotto da verificare (pavimentazione/recinzione) | Prezzo molto competitivo (4.2 €/mq)",,46.0609,12.0647,portal_map,Aste Florio,2026-10-01 10:42:51,https://www.subito.it/uffici-locali-commerciali/immobile-in-asta-di-36500-m²-a-borgo-valbelluna-belluno-662845358.htm
56.0,MEDIO,CC47 - Serre di Rapolano capannone di mq 2,Rapolano Terme,Siena,Toscana,10500.0,700000.0,66.7,Vendita,Uffici e Locali commerciali,500.0,670000.0,1340.0,1710.0,ss,,"Superficie molto estesa (10500 mq, richiede frazionamento/sviluppo ampio) | Ottima accessibilità riscontrata: ss | Buon rendimento solare (1340 kWh/kWp/anno) | Stato del lotto da verificare (pavimentazione/recinzione) | Prezzo congruo di mercato (66.7 €/mq)",,43.258742,11.6131459,portal_map,Immobiliare Rappuoli srl,2026-10-01 01:45:27,https://www.subito.it/uffici-locali-commerciali/cc47-serre-di-rapolano-capannone-di-mq-2-siena-654380651.htm
56.0,MEDIO,Teorema Aziende BAR CAFFETTERIA RISTORANTE,Cuneo,Cuneo,Piemonte,120.0,,,Vendita,Uffici e Locali commerciali,7.4,9324.0,1260.0,1610.0,ss,zona industriale,"Micro-hub compatto (120 mq, ideale per 2-4 stalli fast e pensilina 15-30 kWp) | Ottima accessibilità riscontrata: ss | Buon rendimento solare (1260 kWh/kWp/anno) | Caratteristiche rilevate: zona industriale | Prezzo/canone riservato o non specificato","Via Saluzzo, 40, 12100 Cuneo CN, Italia",44.3913427,7.548735799999999,portal_map,teorema aziende sas,2026-10-01 13:20:51,https://www.subito.it/uffici-locali-commerciali/teorema-aziende-bar-caffetteria-ristorante-cuneo-655196245.htm
56.0,MEDIO,Immobile in asta di 13290 m² a Aviano,Aviano,Pordenone,Friuli-Venezia Giulia,13290.0,117030.0,8.8,Vendita,Terreni e rustici,500.0,595000.0,1190.0,1520.0,ss,,"Superficie molto estesa (13290 mq, richiede frazionamento/sviluppo ampio) | Ottima accessibilità riscontrata: ss | Rendimento solare moderato Nord Italia (1190 kWh/kWp/anno) | Stato del lotto da verificare (pavimentazione/recinzione) | Prezzo molto competitivo (8.8 €/mq)",,46.0546,12.5654,portal_map,Aste Florio,2026-09-28 16:26:14,https://www.subito.it/terreni-e-rustici/immobile-in-asta-di-13290-m²-a-aviano-pordenone-662483435.htm
56.0,MEDIO,TERRENO A NUVOLERA,Nuvolera,Brescia,Lombardia,36800.0,2000.0,0.1,Affitto,Terreni e rustici,500.0,595000.0,1190.0,1520.0,ss,,"Superficie molto estesa (36800 mq, richiede frazionamento/sviluppo ampio) | Ottima accessibilità riscontrata: ss | Rendimento solare moderato Nord Italia (1190 kWh/kWp/anno) | Stato del lotto da verificare (pavimentazione/recinzione) | Canone di locazione vantaggioso (0.05 €/mq/mese)",,45.5279041,10.3644085,portal_map,INDUSTRIALE DEL BENACO srl,2026-09-19 02:25:50,https://www.subito.it/terreni-e-rustici/terreno-a-nuvolera-brescia-661270244.htm
55.0,MEDIO,MARAUSA - Locale commerciale con magazzino,Misiliscemi,Trapani,Sicilia,150.0,50000.0,333.3,Vendita,Uffici e Locali commerciali,9.2,14076.0,1530.0,1960.0,ss,cancello,"Micro-hub compatto (150 mq, ideale per 2-4 stalli fast e pensilina 15-30 kWp) | Ottima accessibilità riscontrata: ss | Irraggiamento solare eccellente (1530 kWh/kWp/anno) | Caratteristiche rilevate: cancello | Prezzo elevato (333.3 €/mq, possibile fabbricato incluso)","Via Generale Enrico Rinaldo, 91031 Marausa TP, Italia",37.9379412,12.5094611,portal_map,Studio Immobiliare PUNTO CASA di Giacomo Nicotra,2026-10-01 13:04:03,https://www.subito.it/uffici-locali-commerciali/marausa-locale-commerciale-con-magazzino-trapani-659806975.htm
55.0,MEDIO,Macello stella locale commerciale e villa,Macello,Torino,Piemonte,1500.0,,,Affitto,Uffici e Locali commerciali,92.3,116298.0,1260.0,1610.0,,,"Superficie ottimale (1500 mq, ideale per hub 6-12 stalli e pensiline FV 70-150 kWp) | Accessibilità viaria standard da verificare da mappa | Buon rendimento solare (1260 kWh/kWp/anno) | Stato del lotto da verificare (pavimentazione/recinzione) | Prezzo/canone riservato o non specificato",,44.851139,7.39802,offline_istat,Coalova Immobiliare di Coalova Dott_ Chiaffredo,2026-09-26 14:47:01,https://www.subito.it/uffici-locali-commerciali/macello-stella-locale-commerciale-e-villa-torino-481623902.htm
55.0,MEDIO,Terreno per agricoltura o servizi turistici,La Spezia,La Spezia,Liguria,2400.0,,,Affitto,Terreni e rustici,147.7,186102.0,1260.0,1610.0,,,"Superficie ottimale (2400 mq, ideale per hub 6-12 stalli e pensiline FV 70-150 kWp) | Accessibilità viaria standard da verificare da mappa | Buon rendimento solare (1260 kWh/kWp/anno) | Stato del lotto da verificare (pavimentazione/recinzione) | Prezzo/canone riservato o non specificato","Via Antoniana, La Spezia SP, Italia",44.11925769111633,9.828329812630162,portal_map,Luciano,2026-07-09 14:37:54,https://www.subito.it/terreni-e-rustici/terreno-per-agricoltura-o-servizi-turistici-la-spezia-653544664.htm
54.0,MEDIO,Immobile di 350 m² con più di 5 locali a Pistoia,Pistoia,Pistoia,Toscana,350.0,3400.0,9.7,Affitto,Uffici e Locali commerciali,21.5,27090.0,1260.0,1610.0,ss,,"Hub cittadino/commerciale (350 mq, ottimo per 4-6 stalli e pensilina 30-70 kWp) | Ottima accessibilità riscontrata: ss | Buon rendimento solare (1260 kWh/kWp/anno) | Stato del lotto da verificare (pavimentazione/recinzione) | Canone elevato (9.71 €/mq/mese)",,43.9339,10.9157,portal_map,RockAgent,2026-09-25 11:15:50,https://www.subito.it/uffici-locali-commerciali/immobile-di-350-m²-con-piu-di-5-locali-a-pistoia-pistoia-662087537.htm
54.0,MEDIO,Immobile di 360 m² con più di 5 locali a Pistoia,Pistoia,Pistoia,Toscana,360.0,3500.0,9.7,Affitto,Uffici e Locali commerciali,22.2,27972.0,1260.0,1610.0,ss,,"Hub cittadino/commerciale (360 mq, ottimo per 4-6 stalli e pensilina 30-70 kWp) | Ottima accessibilità riscontrata: ss | Buon rendimento solare (1260 kWh/kWp/anno) | Stato del lotto da verificare (pavimentazione/recinzione) | Canone elevato (9.72 €/mq/mese)",,43.9339,10.9157,portal_map,RockAgent,2026-09-25 11:08:22,https://www.subito.it/uffici-locali-commerciali/immobile-di-360-m²-con-piu-di-5-locali-a-pistoia-pistoia-662086295.htm
54.0,MEDIO,Ristorante pronto all’uso,Tolentino,Macerata,Marche,210.0,1900.0,9.0,Affitto,Uffici e Locali commerciali,12.9,17286.0,1340.0,1710.0,"visibilità, ss",,"Micro-hub compatto (210 mq, ideale per 2-4 stalli fast e pensilina 15-30 kWp) | Ottima accessibilità riscontrata: visibilità, ss | Buon rendimento solare (1340 kWh/kWp/anno) | Stato del lotto da verificare (pavimentazione/recinzione) | Canone elevato (9.05 €/mq/mese)",,43.2087546,13.2844096,offline_istat,,2026-10-01 11:27:22,https://www.subito.it/uffici-locali-commerciali/ristorante-pronto-all-uso-macerata-662577772.htm
54.0,MEDIO,Locale Commerciale - Augusta,Augusta,Siracusa,Sicilia,240.0,1600.0,6.7,Affitto,Uffici e Locali commerciali,14.8,22644.0,1530.0,1960.0,ss,,"Micro-hub compatto (240 mq, ideale per 2-4 stalli fast e pensilina 15-30 kWp) | Ottima accessibilità riscontrata: ss | Irraggiamento solare eccellente (1530 kWh/kWp/anno) | Stato del lotto da verificare (pavimentazione/recinzione) | Canone elevato (6.67 €/mq/mese)",,37.2730871,15.2121719,portal_map,RE MAX Platinum 3,2026-09-27 15:38:43,https://www.subito.it/uffici-locali-commerciali/locale-commerciale-augusta-siracusa-636239545.htm
54.0,MEDIO,Immobile di 140 m² con 3 locali a Roma,Roma,Roma,Lazio,140.0,2800.0,20.0,Affitto,Uffici e Locali commerciali,8.6,12875.0,1497.1,1915.2,ss,,"Micro-hub compatto (140 mq, ideale per 2-4 stalli fast e pensilina 15-30 kWp) | Ottima accessibilità riscontrata: ss | Irraggiamento solare eccellente (1497 kWh/kWp/anno) | Stato del lotto da verificare (pavimentazione/recinzione) | Canone elevato (20.00 €/mq/mese)",,41.8985,12.4887,portal_map,RockAgent,2026-09-30 10:52:14,https://www.subito.it/uffici-locali-commerciali/immobile-di-140-m²-con-3-locali-a-roma-roma-662713660.htm
53.0,MEDIO,Ristorante perfette condizioni - no bar-,Verona,Verona,Veneto,300.0,,,Vendita,Uffici e Locali commerciali,18.5,22015.0,1190.0,1520.0,ss,,"Hub cittadino/commerciale (300 mq, ottimo per 4-6 stalli e pensilina 30-70 kWp) | Ottima accessibilità riscontrata: ss | Rendimento solare moderato Nord Italia (1190 kWh/kWp/anno) | Stato del lotto da verificare (pavimentazione/recinzione) | Prezzo/canone riservato o non specificato","Verona VR, Italia",45.4383659,10.9917136,portal_map,AziendaSi intermediazione d'azienda,2026-10-01 13:40:48,https://www.subito.it/uffici-locali-commerciali/ristorante-perfette-condizioni-no-bar-verona-662871360.htm
53.0,MEDIO,GFP - RISTORANTE CON ANNESSE 6 CAMERE,Villafranca di Verona,Verona,Veneto,5000.0,,,Vendita,Uffici e Locali commerciali,307.7,366163.0,1190.0,1520.0,ss,,"Grande area (5000 mq, adatta per hub di ricarica ad alta intensità) | Ottima accessibilità riscontrata: ss | Rendimento solare moderato Nord Italia (1190 kWh/kWp/anno) | Stato del lotto da verificare (pavimentazione/recinzione) | Prezzo/canone riservato o non specificato",,45.3509277,10.8459956,offline_istat,GFP di Gianfranco Passaia,2026-10-01 13:20:20,https://www.subito.it/uffici-locali-commerciali/gfp-ristorante-con-annesse-6-camere-verona-660150095.htm
53.0,MEDIO,GFP - RISTORANTE CON SEI CAMERE - EX AGRITURISMO,Verona,Verona,Veneto,5000.0,,,Vendita,Uffici e Locali commerciali,307.7,366163.0,1190.0,1520.0,ss,,"Grande area (5000 mq, adatta per hub di ricarica ad alta intensità) | Ottima accessibilità riscontrata: ss | Rendimento solare moderato Nord Italia (1190 kWh/kWp/anno) | Stato del lotto da verificare (pavimentazione/recinzione) | Prezzo/canone riservato o non specificato",,45.4384958,10.9924122,offline_istat,GFP di Gianfranco Passaia,2026-10-01 13:04:11,https://www.subito.it/uffici-locali-commerciali/gfp-ristorante-con-sei-camere-ex-agriturismo-verona-659763085.htm
53.0,MEDIO,Oltre 3 vetrine a Maniago,Maniago,Pordenone,Friuli-Venezia Giulia,150.0,,,Affitto,Uffici e Locali commerciali,9.2,10948.0,1190.0,1520.0,"visibilità, ss",,"Micro-hub compatto (150 mq, ideale per 2-4 stalli fast e pensilina 15-30 kWp) | Ottima accessibilità riscontrata: visibilità, ss | Rendimento solare moderato Nord Italia (1190 kWh/kWp/anno) | Stato del lotto da verificare (pavimentazione/recinzione) | Prezzo/canone riservato o non specificato",,46.1687756,12.7056914,portal_map,Mediawall srl,2026-10-01 13:20:52,https://www.subito.it/uffici-locali-commerciali/oltre-3-vetrine-a-maniago-pordenone-640760258.htm
53.0,MEDIO,Terreno edificabile a Cordenons,Cordenons,Pordenone,Friuli-Venezia Giulia,5930.0,,,Vendita,Terreni e rustici,364.9,434231.0,1190.0,1520.0,ss,,"Grande area (5930 mq, adatta per hub di ricarica ad alta intensità) | Ottima accessibilità riscontrata: ss | Rendimento solare moderato Nord Italia (1190 kWh/kWp/anno) | Stato del lotto da verificare (pavimentazione/recinzione) | Prezzo/canone riservato o non specificato","Via dei Frassini, 33084 Cordenons PN, Italia",45.9783541,12.7015002,portal_map,Case & Terreni - Agenzia Immobiliare s_a_s_,2026-10-01 14:12:17,https://www.subito.it/terreni-e-rustici/terreno-edificabile-a-cordenons-pordenone-576641331.htm
53.0,MEDIO,TERRENO A RIVAROLO CANAVESE,Rivarolo Canavese,Torino,Piemonte,6880.0,,,Affitto,Terreni e rustici,423.4,503846.0,1190.0,1520.0,ss,,"Grande area (6880 mq, adatta per hub di ricarica ad alta intensità) | Ottima accessibilità riscontrata: ss | Rendimento solare moderato Nord Italia (1190 kWh/kWp/anno) | Stato del lotto da verificare (pavimentazione/recinzione) | Prezzo/canone riservato o non specificato",,45.3203264574,7.7271166098,portal_map,INDUSTRIALE IVREA UNO srl,2026-09-11 02:47:02,https://www.subito.it/terreni-e-rustici/terreno-a-rivarolo-canavese-torino-660286855.htm
52.0,MEDIO,Attività / Licenza di 300 m² a Vinovo,Vinovo,Torino,Piemonte,300.0,,,Vendita,Uffici e Locali commerciali,18.5,23310.0,1260.0,1610.0,,,"Hub cittadino/commerciale (300 mq, ottimo per 4-6 stalli e pensilina 30-70 kWp) | Accessibilità viaria standard da verificare da mappa | Buon rendimento solare (1260 kWh/kWp/anno) | Stato del lotto da verificare (pavimentazione/recinzione) | Prezzo/canone riservato o non specificato",,44.94839,7.6339287,offline_istat,Studio Bp,2026-10-01 14:29:50,https://www.subito.it/uffici-locali-commerciali/attivita-licenza-di-300-m²-a-vinovo-torino-658691408.htm
52.0,MEDIO,LOCALE COMMERCIALE,Scandiano,Reggio Emilia,Emilia-Romagna,250.0,,,Affitto,Uffici e Locali commerciali,15.4,19404.0,1260.0,1610.0,,,"Hub cittadino/commerciale (250 mq, ottimo per 4-6 stalli e pensilina 30-70 kWp) | Accessibilità viaria standard da verificare da mappa | Buon rendimento solare (1260 kWh/kWp/anno) | Stato del lotto da verificare (pavimentazione/recinzione) | Prezzo/canone riservato o non specificato",,44.5993449,10.6878385,offline_istat,,2026-09-29 10:02:58,https://www.subito.it/uffici-locali-commerciali/locale-commerciale-reggio-emilia-662566928.htm
52.0,MEDIO,Terreno commerciale mq.3000,Guidonia Montecelio,Roma,Lazio,3000.0,,,Affitto,Terreni e rustici,184.6,247364.0,1340.0,1710.0,,,"Grande area (3000 mq, adatta per hub di ricarica ad alta intensità) | Accessibilità viaria standard da verificare da mappa | Buon rendimento solare (1340 kWh/kWp/anno) | Stato del lotto da verificare (pavimentazione/recinzione) | Prezzo/canone riservato o non specificato",,41.9842734,12.6953191,offline_istat,,2026-09-03 10:24:20,https://www.subito.it/terreni-e-rustici/terreno-commerciale-mq-3000-roma-659338519.htm
52.0,MEDIO,terreno,Arconate,Milano,Lombardia,1800.0,,,Affitto,Terreni e rustici,110.8,131852.0,1190.0,1520.0,,,"Superficie ottimale (1800 mq, ideale per hub 6-12 stalli e pensiline FV 70-150 kWp) | Accessibilità viaria standard da verificare da mappa | Rendimento solare moderato Nord Italia (1190 kWh/kWp/anno) | Stato del lotto da verificare (pavimentazione/recinzione) | Prezzo/canone riservato o non specificato",,45.5406637,8.8481616,offline_istat,,2026-09-06 08:30:30,https://www.subito.it/terreni-e-rustici/terreno-milano-659676208.htm
51.0,MEDIO,terreno zona agricola/industriale,Anzio,Roma,Lazio,10000.0,,,Affitto,Terreni e rustici,500.0,720000.0,1440.0,1840.0,,,"Superficie molto estesa (10000 mq, richiede frazionamento/sviluppo ampio) | Accessibilità viaria standard da verificare da mappa | Ottimo rendimento solare (1440 kWh/kWp/anno) | Stato del lotto da verificare (pavimentazione/recinzione) | Prezzo/canone riservato o non specificato",,41.4471008,12.6285618,offline_istat,,2026-08-30 10:05:59,https://www.subito.it/terreni-e-rustici/terreno-zona-agricola-industriale-roma-658838443.htm
51.0,MEDIO,Negozio d'angolo,Ponte San Nicolo',Padova,Veneto,300.0,2000.0,6.7,Affitto,Uffici e Locali commerciali,18.5,22015.0,1190.0,1520.0,ss,,"Hub cittadino/commerciale (300 mq, ottimo per 4-6 stalli e pensilina 30-70 kWp) | Ottima accessibilità riscontrata: ss | Rendimento solare moderato Nord Italia (1190 kWh/kWp/anno) | Stato del lotto da verificare (pavimentazione/recinzione) | Canone elevato (6.67 €/mq/mese)","Via Alcide Cervi, 35020 Ponte San Nicolò PD, Italia",45.3718802,11.9207952,portal_map,Agenzia immobiliare Guizza,2026-10-01 12:01:42,https://www.subito.it/uffici-locali-commerciali/negozio-d-angolo-padova-662856875.htm
51.0,MEDIO,NEGOZIO A PREVALLE,Prevalle,Brescia,Lombardia,120.0,400.0,3.3,Affitto,Uffici e Locali commerciali,7.4,8806.0,1190.0,1520.0,"visibilità, ss",,"Micro-hub compatto (120 mq, ideale per 2-4 stalli fast e pensilina 15-30 kWp) | Ottima accessibilità riscontrata: visibilità, ss | Rendimento solare moderato Nord Italia (1190 kWh/kWp/anno) | Stato del lotto da verificare (pavimentazione/recinzione) | Canone elevato (3.33 €/mq/mese)",,45.5483333,10.4180556,portal_map,INDUSTRIALE DEL BENACO srl,2026-09-30 02:50:23,https://www.subito.it/uffici-locali-commerciali/negozio-a-prevalle-brescia-662685222.htm
51.0,MEDIO,Oltre 3 vetrine a Pordenone,Pordenone,Pordenone,Friuli-Venezia Giulia,190.0,143000.0,752.6,Vendita,Uffici e Locali commerciali,11.7,13923.0,1190.0,1520.0,"autostrada, ss",,"Micro-hub compatto (190 mq, ideale per 2-4 stalli fast e pensilina 15-30 kWp) | Ottima accessibilità riscontrata: autostrada, ss | Rendimento solare moderato Nord Italia (1190 kWh/kWp/anno) | Stato del lotto da verificare (pavimentazione/recinzione) | Prezzo elevato (752.6 €/mq, possibile fabbricato incluso)",,45.9441138,12.6646804,portal_map,Mediawall srl,2026-10-01 13:20:11,https://www.subito.it/uffici-locali-commerciali/oltre-3-vetrine-a-pordenone-pordenone-661624071.htm
51.0,MEDIO,Locale commerciale foggia via b. croce- vle pinto,Foggia,Foggia,Puglia,400.0,175000.0,437.5,Vendita,Uffici e Locali commerciali,24.6,35424.0,1440.0,1840.0,,,"Hub cittadino/commerciale (400 mq, ottimo per 4-6 stalli e pensilina 30-70 kWp) | Accessibilità viaria standard da verificare da mappa | Ottimo rendimento solare (1440 kWh/kWp/anno) | Stato del lotto da verificare (pavimentazione/recinzione) | Prezzo elevato (437.5 €/mq, possibile fabbricato incluso)","Viale Luigi Pinto, 19, 71122 Foggia FG, Italia",41.458756,15.5306888,portal_map,Marialucia,2026-10-01 13:55:01,https://www.subito.it/uffici-locali-commerciali/locale-commerciale-foggia-via-b-croce-vle-pinto-foggia-640873644.htm
51.0,MEDIO,CC57 - Foiano capannone in parte artigiana,Foiano della Chiana,Arezzo,Toscana,2000.0,2200000.0,1100.0,Vendita,Uffici e Locali commerciali,123.1,163723.0,1330.0,1700.0,,,"Superficie ottimale (2000 mq, ideale per hub 6-12 stalli e pensiline FV 70-150 kWp) | Accessibilità viaria standard da verificare da mappa | Buon rendimento solare (1330 kWh/kWp/anno) | Stato del lotto da verificare (pavimentazione/recinzione) | Prezzo elevato (1100.0 €/mq, possibile fabbricato incluso)",,43.2403598,11.7969805,portal_map,Immobiliare Rappuoli srl,2026-10-01 01:45:30,https://www.subito.it/uffici-locali-commerciali/cc57-foiano-capannone-in-parte-artigiana-arezzo-654380364.htm
51.0,MEDIO,Immobile in asta di 246 m² a Orio Litta,Orio Litta,Lodi,Lombardia,246.4,26240.0,106.5,Vendita,Uffici e Locali commerciali,15.2,18088.0,1190.0,1520.0,ss,,"Micro-hub compatto (246 mq, ideale per 2-4 stalli fast e pensilina 15-30 kWp) | Ottima accessibilità riscontrata: ss | Rendimento solare moderato Nord Italia (1190 kWh/kWp/anno) | Stato del lotto da verificare (pavimentazione/recinzione) | Prezzo congruo di mercato (106.5 €/mq)",,45.1588,9.5548,portal_map,Aste Florio,2026-10-01 10:42:17,https://www.subito.it/uffici-locali-commerciali/immobile-in-asta-di-246-m²-a-orio-litta-lodi-662844762.htm
51.0,MEDIO,Tabaccheria storica con distributore H24 - Cassola,Cassola,Vicenza,Veneto,191.0,115000.0,602.1,Vendita,Uffici e Locali commerciali,11.8,14042.0,1190.0,1520.0,ss,piazzale,"Micro-hub compatto (191 mq, ideale per 2-4 stalli fast e pensilina 15-30 kWp) | Ottima accessibilità riscontrata: ss | Rendimento solare moderato Nord Italia (1190 kWh/kWp/anno) | Caratteristiche rilevate: piazzale | Prezzo elevato (602.1 €/mq, possibile fabbricato incluso)",,45.7324069,11.7942558,offline_istat,Riccardo Pagnon,2026-10-01 10:09:16,https://www.subito.it/uffici-locali-commerciali/tabaccheria-storica-con-distributore-h24-cassola-vicenza-661041699.htm
51.0,MEDIO,Attività / Licenza di 200 m² con 2 locali a Legnag,Legnago,Verona,Veneto,200.0,500000.0,2500.0,Vendita,Uffici e Locali commerciali,12.3,14637.0,1190.0,1520.0,ss,piazzale,"Micro-hub compatto (200 mq, ideale per 2-4 stalli fast e pensilina 15-30 kWp) | Ottima accessibilità riscontrata: ss | Rendimento solare moderato Nord Italia (1190 kWh/kWp/anno) | Caratteristiche rilevate: piazzale | Prezzo elevato (2500.0 €/mq, possibile fabbricato incluso)",,45.2145,11.318,portal_map,Aziendale Srls,2026-10-01 13:03:55,https://www.subito.it/uffici-locali-commerciali/attivita-licenza-di-200-m²-con-2-locali-a-legnag-verona-660184239.htm
49.0,MEDIO,342/19 RISTORANTE PIZZERIA zona Lainate mq 300,Milano,Milano,Lombardia,300.0,,,Vendita,Uffici e Locali commerciali,18.5,22015.0,1190.0,1520.0,,,"Hub cittadino/commerciale (300 mq, ottimo per 4-6 stalli e pensilina 30-70 kWp) | Accessibilità viaria standard da verificare da mappa | Rendimento solare moderato Nord Italia (1190 kWh/kWp/anno) | Stato del lotto da verificare (pavimentazione/recinzione) | Prezzo/canone riservato o non specificato",,45.4641943,9.1896346,offline_istat,Eurocommerciale,2026-10-01 14:32:37,https://www.subito.it/uffici-locali-commerciali/342-19-ristorante-pizzeria-zona-lainate-mq-300-milano-662879993.htm
49.0,MEDIO,Ufficio 450mq mogliano veneto,Mogliano Veneto,Treviso,Veneto,450.0,,,Affitto,Uffici e Locali commerciali,27.7,32963.0,1190.0,1520.0,,,"Hub cittadino/commerciale (450 mq, ottimo per 4-6 stalli e pensilina 30-70 kWp) | Accessibilità viaria standard da verificare da mappa | Rendimento solare moderato Nord Italia (1190 kWh/kWp/anno) | Stato del lotto da verificare (pavimentazione/recinzione) | Prezzo/canone riservato o non specificato","Via Terraglio, Mogliano Veneto TV, Italia",45.5487966,12.2346421,portal_map,Gambaro Intermediazioni Commerciali,2026-10-01 11:59:16,https://www.subito.it/uffici-locali-commerciali/ufficio-450mq-mogliano-veneto-treviso-652852295.htm
49.0,MEDIO,TERRENO A RIVAROLO CANAVESE,Rivarolo Canavese,Torino,Piemonte,11000.0,,,Affitto,Terreni e rustici,500.0,595000.0,1190.0,1520.0,ss,,"Superficie molto estesa (11000 mq, richiede frazionamento/sviluppo ampio) | Ottima accessibilità riscontrata: ss | Rendimento solare moderato Nord Italia (1190 kWh/kWp/anno) | Stato del lotto da verificare (pavimentazione/recinzione) | Prezzo/canone riservato o non specificato",,45.3384128,7.7169506,portal_map,INDUSTRIALE IVREA UNO srl,2026-09-11 02:47:04,https://www.subito.it/terreni-e-rustici/terreno-a-rivarolo-canavese-torino-660286906.htm
48.0,MEDIO,Carrozzeria attrezzata,Montevarchi,Arezzo,Toscana,220.0,1500.0,6.8,Affitto,Uffici e Locali commerciali,13.5,17010.0,1260.0,1610.0,ss,,"Micro-hub compatto (220 mq, ideale per 2-4 stalli fast e pensilina 15-30 kWp) | Ottima accessibilità riscontrata: ss | Buon rendimento solare (1260 kWh/kWp/anno) | Stato del lotto da verificare (pavimentazione/recinzione) | Canone elevato (6.82 €/mq/mese)",,43.5234999,11.5675911,offline_istat,,2026-10-01 14:12:03,https://www.subito.it/uffici-locali-commerciali/carrozzeria-attrezzata-arezzo-662742631.htm
47.0,MEDIO,GFP - PUB BAR BIRRERIA CON CUCINA,Verona,Verona,Veneto,150.0,,,Vendita,Uffici e Locali commerciali,9.2,10948.0,1190.0,1520.0,ss,,"Micro-hub compatto (150 mq, ideale per 2-4 stalli fast e pensilina 15-30 kWp) | Ottima accessibilità riscontrata: ss | Rendimento solare moderato Nord Italia (1190 kWh/kWp/anno) | Stato del lotto da verificare (pavimentazione/recinzione) | Prezzo/canone riservato o non specificato",,45.4384958,10.9924122,offline_istat,GFP di Gianfranco Passaia,2026-10-01 14:29:49,https://www.subito.it/uffici-locali-commerciali/gfp-pub-bar-birreria-con-cucina-verona-660623166.htm
47.0,MEDIO,Ristorante Verona provincia - no bar-,Grezzana,Verona,Veneto,170.0,,,Vendita,Uffici e Locali commerciali,10.5,12495.0,1190.0,1520.0,ss,,"Micro-hub compatto (170 mq, ideale per 2-4 stalli fast e pensilina 15-30 kWp) | Ottima accessibilità riscontrata: ss | Rendimento solare moderato Nord Italia (1190 kWh/kWp/anno) | Stato del lotto da verificare (pavimentazione/recinzione) | Prezzo/canone riservato o non specificato","37023 Grezzana VR, Italia",45.5202806,11.016734,portal_map,AziendaSi intermediazione d'azienda,2026-10-01 13:23:55,https://www.subito.it/uffici-locali-commerciali/ristorante-verona-provincia-no-bar-verona-662868329.htm
46.0,MEDIO,Immobile in asta di 129 m² a Genzano di Roma,Genzano di Roma,Roma,Lazio,129.9,47240.0,363.7,Vendita,Uffici e Locali commerciali,8.0,10720.0,1340.0,1710.0,ss,,"Micro-hub compatto (130 mq, ideale per 2-4 stalli fast e pensilina 15-30 kWp) | Ottima accessibilità riscontrata: ss | Buon rendimento solare (1340 kWh/kWp/anno) | Stato del lotto da verificare (pavimentazione/recinzione) | Prezzo elevato (363.7 €/mq, possibile fabbricato incluso)",,41.6883,12.7019,portal_map,Aste Florio,2026-10-01 10:42:16,https://www.subito.it/uffici-locali-commerciali/immobile-in-asta-di-129-m²-a-genzano-di-roma-roma-662844583.htm
46.0,MEDIO,Fondo commerciale Ponte a Ema,Bagno a Ripoli,Firenze,Toscana,200.0,,,Affitto,Uffici e Locali commerciali,12.3,15498.0,1260.0,1610.0,,,"Micro-hub compatto (200 mq, ideale per 2-4 stalli fast e pensilina 15-30 kWp) | Accessibilità viaria standard da verificare da mappa | Buon rendimento solare (1260 kWh/kWp/anno) | Stato del lotto da verificare (pavimentazione/recinzione) | Prezzo/canone riservato o non specificato",,43.752172,11.3199949,offline_istat,,2026-09-20 16:44:55,https://www.subito.it/uffici-locali-commerciali/fondo-commerciale-ponte-a-ema-firenze-661452101.htm
45.0,MEDIO,Magazzino commerciale,Montalto Uffugo,Cosenza,Calabria,180.0,100000.0,555.6,Vendita,Uffici e Locali commerciali,11.1,15984.0,1440.0,1840.0,,,"Micro-hub compatto (180 mq, ideale per 2-4 stalli fast e pensilina 15-30 kWp) | Accessibilità viaria standard da verificare da mappa | Ottimo rendimento solare (1440 kWh/kWp/anno) | Stato del lotto da verificare (pavimentazione/recinzione) | Prezzo elevato (555.6 €/mq, possibile fabbricato incluso)",,39.404795,16.15799,offline_istat,antonio,2026-10-01 13:20:36,https://www.subito.it/uffici-locali-commerciali/magazzino-commerciale-cosenza-660963674.htm
45.0,MEDIO,Ufficio 150 mq a roncade,Roncade,Treviso,Veneto,150.0,1200.0,8.0,Affitto,Uffici e Locali commerciali,9.2,10948.0,1190.0,1520.0,ss,,"Micro-hub compatto (150 mq, ideale per 2-4 stalli fast e pensilina 15-30 kWp) | Ottima accessibilità riscontrata: ss | Rendimento solare moderato Nord Italia (1190 kWh/kWp/anno) | Stato del lotto da verificare (pavimentazione/recinzione) | Canone elevato (8.00 €/mq/mese)",,45.6279075,12.3747797,offline_istat,Gambaro Intermediazioni Commerciali,2026-10-01 13:03:29,https://www.subito.it/uffici-locali-commerciali/ufficio-150-mq-a-roncade-treviso-627771790.htm
43.0,BASSO,Attività / Licenza di 200 m² con 1 locale a Verona,Verona,Verona,Veneto,200.0,120000.0,600.0,Vendita,Uffici e Locali commerciali,12.3,14637.0,1190.0,1520.0,ss,,"Micro-hub compatto (200 mq, ideale per 2-4 stalli fast e pensilina 15-30 kWp) | Ottima accessibilità riscontrata: ss | Rendimento solare moderato Nord Italia (1190 kWh/kWp/anno) | Stato del lotto da verificare (pavimentazione/recinzione) | Prezzo elevato (600.0 €/mq, possibile fabbricato incluso)",,45.4358,11.0362,portal_map,Aziendale Srls,2026-10-01 13:37:30,https://www.subito.it/uffici-locali-commerciali/attivita-licenza-di-200-m²-con-1-locale-a-verona-verona-659221395.htm
43.0,BASSO,GRESSAN Frazione La Grala,Gressan,Aosta,Valle d'Aosta,140.0,90000.0,642.9,Vendita,Terreni e rustici,8.6,10234.0,1190.0,1520.0,ss,,"Micro-hub compatto (140 mq, ideale per 2-4 stalli fast e pensilina 15-30 kWp) | Ottima accessibilità riscontrata: ss | Rendimento solare moderato Nord Italia (1190 kWh/kWp/anno) | Stato del lotto da verificare (pavimentazione/recinzione) | Prezzo elevato (642.9 €/mq, possibile fabbricato incluso)",,45.7191728,7.2850973,offline_istat,Petite Maison Aosta,2026-10-01 12:15:23,https://www.subito.it/terreni-e-rustici/gressan-frazione-la-grala-aosta-572053635.htm
